GEOID,NAME,total_popE,total_popM,median_incomeE,median_incomeM,whiteE,whiteM,blackE,blackM,hispanicE,hispanicM,age_medianE,age_medianM
01003,"Baldwin County, Alabama",239945,NA,75019,2751,198721,1300,19144,773,13393,NA,43.7,0.2
01015,"Calhoun County, Alabama",116141,NA,55826,2168,82465,519,25515,537,5150,NA,39,0.5
01043,"Cullman County, Alabama",89463,NA,60916,2736,81402,533,958,131,4346,NA,41.1,0.5
01049,"DeKalb County, Alabama",71946,NA,51149,2343,58471,844,923,123,11987,NA,39.6,0.4
01051,"Elmore County, Alabama",88669,NA,75553,3115,64984,390,18685,499,2917,NA,38.9,0.7
01055,"Etowah County, Alabama",103208,NA,53070,1864,79768,413,15529,320,5134,NA,41.8,0.3
01069,"Houston County, Alabama",107628,NA,57531,1310,70462,408,29302,248,4680,NA,40.3,0.2
01073,"Jefferson County, Alabama",669744,NA,64589,1226,329852,1475,284390,1671,35103,NA,37.8,0.2
01077,"Lauderdale County, Alabama",95037,NA,59082,3460,79325,589,9205,447,3163,NA,40.7,0.6
01081,"Lee County, Alabama",177663,NA,61123,3017,120347,910,39670,849,9335,NA,33.6,0.2
01083,"Limestone County, Alabama",107577,NA,83534,2861,81012,796,13720,643,7785,NA,40.5,0.4
01089,"Madison County, Alabama",397135,NA,83528,1460,255048,1263,96369,1228,25948,NA,38.2,0.3
01095,"Marshall County, Alabama",98712,NA,60946,2309,81021,1106,2579,287,16360,NA,38.6,0.4
01097,"Mobile County, Alabama",413162,NA,58119,1304,231919,858,148900,1254,13778,NA,38.4,0.2
01101,"Montgomery County, Alabama",227197,NA,58153,2052,72196,792,133683,703,10796,NA,36.9,0.3
01103,"Morgan County, Alabama",123742,NA,64858,2399,93264,827,16262,766,12626,NA,40.3,0.4
01115,"St. Clair County, Alabama",92903,NA,78993,3859,78348,319,9161,479,2670,NA,41,0.5
01117,"Shelby County, Alabama",226955,NA,93543,3051,173713,1031,29906,720,16709,NA,40,0.3
01121,"Talladega County, Alabama",81170,NA,56249,2242,50918,252,25750,491,1879,NA,42.2,0.3
01125,"Tuscaloosa County, Alabama",234036,NA,63947,2475,142461,762,74775,717,12593,NA,33,0.3
02020,"Anchorage Municipality, Alaska",289069,NA,98152,2660,168578,1715,15280,1063,26953,NA,34.9,0.1
02090,"Fairbanks North Star Borough, Alaska",95555,NA,84722,5460,67290,767,3677,725,7825,NA,32.4,0.3
02170,"Matanuska-Susitna Borough, Alaska",110677,NA,90625,2552,86657,570,1420,135,5748,NA,36.6,0.2
04001,"Apache County, Arizona",65680,NA,40338,2657,13296,385,625,86,4092,NA,36.2,0.3
04003,"Cochise County, Arizona",125458,NA,58970,1831,83752,1502,4822,483,43077,NA,42.9,0.5
04005,"Coconino County, Arizona",144643,NA,69748,2305,82430,988,2197,179,22034,NA,32.4,0.2
04013,"Maricopa County, Arizona",4491987,NA,85518,635,2828976,10315,258962,4192,1387720,NA,37.5,0.1
04015,"Mohave County, Arizona",217420,NA,55799,1721,177142,1235,2519,369,36295,NA,53.2,0.2
04017,"Navajo County, Arizona",107744,NA,52752,2280,48887,542,1264,247,11466,NA,39.4,0.4
04019,"Pima County, Arizona",1049947,NA,67929,992,664037,4560,37789,1652,379548,NA,39.7,0.2
04021,"Pinal County, Arizona",449219,NA,77588,1730,296288,3234,22607,1027,131771,NA,40.3,0.2
04025,"Yavapai County, Arizona",241656,NA,66106,1808,199789,1442,1368,182,36225,NA,55,0.2
04027,"Yuma County, Arizona",207685,NA,60417,1438,100432,3060,3617,417,133743,NA,35.8,0.2
05007,"Benton County, Arkansas",294541,NA,89879,2078,194407,3826,5357,465,53388,NA,35.8,0.1
05031,"Craighead County, Arkansas",112097,NA,57615,2605,82027,742,18803,554,6899,NA,34.5,0.1
05045,"Faulkner County, Arkansas",126001,NA,65071,2574,100668,675,14961,492,6949,NA,34,0.2
05051,"Garland County, Arkansas",100062,NA,55409,2233,83604,731,7839,451,7179,NA,45.3,0.1
05069,"Jefferson County, Arkansas",65780,NA,48552,2575,24710,261,37023,568,1631,NA,39.5,0.4
05085,"Lonoke County, Arkansas",74747,NA,71449,2948,64071,498,4136,297,3871,NA,37.3,0.4
05119,"Pulaski County, Arkansas",398949,NA,60385,1648,202564,1506,146981,1169,32722,NA,37.5,0.2
05125,"Saline County, Arkansas",125724,NA,76534,3116,103194,875,10593,522,8776,NA,40.4,0.4
05131,"Sebastian County, Arkansas",128448,NA,56450,2401,88914,891,7366,586,20023,NA,38,0.3
05143,"Washington County, Arkansas",251863,NA,66426,2116,169308,2569,8017,714,46214,NA,32.5,0.2
05145,"White County, Arkansas",77395,NA,53435,4396,67988,606,3410,276,3693,NA,38.4,0.5
06001,"Alameda County, California",1651949,NA,126240,1364,528396,3355,163859,1766,385245,NA,38.7,0.2
06007,"Butte County, California",209470,NA,68574,2351,152117,1232,3712,400,40829,NA,36.3,0.2
06013,"Contra Costa County, California",1161458,NA,125727,1829,505202,3938,98346,1710,316799,NA,40.3,0.2
06017,"El Dorado County, California",192299,NA,106190,3811,153632,1389,1644,224,27230,NA,46.1,0.2
06019,"Fresno County, California",1012152,NA,71434,1034,423296,5881,44392,1545,547669,NA,33.2,0.2
06023,"Humboldt County, California",135418,NA,61135,1997,99692,1009,1721,295,18744,NA,39.6,0.3
06025,"Imperial County, California",179319,NA,56393,2266,54559,3489,4460,367,153460,NA,33,0.2
06029,"Kern County, California",910433,NA,67660,1400,448046,5986,46946,1275,507456,NA,32.4,0.2
06031,"Kings County, California",152830,NA,68750,2976,70362,2404,9782,505,87860,NA,32.3,0.2
06033,"Lake County, California",68139,NA,58738,2308,47171,821,1478,280,16184,NA,44.2,0.3
06037,"Los Angeles County, California",9848406,NA,87760,463,3489206,13628,769139,4420,4753369,NA,37.9,0.1
06039,"Madera County, California",158790,NA,75496,2389,70067,2082,4089,564,95835,NA,34.6,0.2
06041,"Marin County, California",258765,NA,142785,4083,182267,1418,6070,667,49128,NA,47.3,0.2
06045,"Mendocino County, California",90709,NA,64688,2951,61962,1271,858,247,24440,NA,43.9,0.3
06047,"Merced County, California",285597,NA,65044,2052,102852,3178,8250,467,178961,NA,31.8,0.2
06053,"Monterey County, California",435834,NA,94486,1879,159097,3337,9533,646,265748,NA,35.3,0.1
06055,"Napa County, California",136070,NA,108970,3018,81711,1771,2625,186,48801,NA,42.8,0.3
06057,"Nevada County, California",102452,NA,84905,4336,87829,924,314,114,10723,NA,50.3,0.2
06059,"Orange County, California",3164063,NA,113702,986,1468454,6591,51952,1496,1080480,NA,39.1,0.1
06061,"Placer County, California",412435,NA,114678,1891,299005,1789,6816,512,63412,NA,42.4,0.2
06065,"Riverside County, California",2449909,NA,89672,879,1033132,8633,158667,2346,1239702,NA,36.7,0.2
06067,"Sacramento County, California",1584047,NA,88724,986,747022,4177,150943,2865,379734,NA,37.2,0.1
06069,"San Benito County, California",66056,NA,108289,4359,29824,1481,683,120,40783,NA,35.9,0.3
06071,"San Bernardino County, California",2187816,NA,82184,950,855655,9431,175250,2932,1193691,NA,34.4,0.1
06073,"San Diego County, California",3282782,NA,102285,899,1740220,10541,154596,2878,1127221,NA,37.1,0.1
06075,"San Francisco County, California",836321,NA,141446,2576,338640,1790,42547,1470,133266,NA,39.7,0.1
06077,"San Joaquin County, California",787416,NA,88531,1554,292062,4420,55048,1713,332543,NA,35.2,0.1
06079,"San Luis Obispo County, California",281486,NA,93398,2535,203738,1942,3189,386,68980,NA,40.2,0.3
06081,"San Mateo County, California",745100,NA,156000,3019,303184,2642,16534,846,185378,NA,40.6,0.2
06083,"Santa Barbara County, California",443975,NA,95977,1875,240915,3638,7468,517,211412,NA,34.5,0.2
06085,"Santa Clara County, California",1903297,NA,159674,1962,631965,4071,45325,1245,477632,NA,37.9,0.1
06087,"Santa Cruz County, California",266021,NA,109266,2959,167132,2035,2545,446,93116,NA,39.6,0.3
06089,"Shasta County, California",181554,NA,71931,2596,145566,1163,1614,396,20604,NA,41.7,0.3
06095,"Solano County, California",450824,NA,99994,2122,192705,2510,58103,1389,130628,NA,39.1,0.2
06097,"Sonoma County, California",485642,NA,102840,2032,313481,2348,7546,600,142986,NA,42.7,0.2
06099,"Stanislaus County, California",552250,NA,79661,1906,276614,3899,15674,999,271787,NA,34.8,0.2
06101,"Sutter County, California",98971,NA,75450,3741,49812,1308,1714,291,32061,NA,36.4,0.3
06103,"Tehama County, California",65520,NA,61834,3283,45414,908,571,189,18458,NA,40.1,0.5
06107,"Tulare County, California",475774,NA,69489,1785,202844,4755,7136,572,314250,NA,31.9,0.2
06111,"Ventura County, California",838259,NA,107327,1391,491174,5164,15452,761,367516,NA,39.4,0.2
06113,"Yolo County, California",217782,NA,88818,3641,119349,1895,5876,567,72347,NA,32.3,0.2
06115,"Yuba County, California",83079,NA,73313,4341,50228,1085,3075,346,24887,NA,33.9,0.3
08001,"Adams County, Colorado",524408,NA,91387,1470,315627,3457,18265,930,221633,NA,34.6,0.1
08005,"Arapahoe County, Colorado",655709,NA,97215,1592,405690,2566,71075,1570,138906,NA,37.3,0.2
08013,"Boulder County, Colorado",328317,NA,102772,2628,264800,1731,2745,349,47948,NA,37.5,0.3
08014,"Broomfield County, Colorado",75110,NA,121025,3931,59246,824,958,233,10381,NA,38.8,0.3
08031,"Denver County, Colorado",713734,NA,91681,1359,448646,3629,62785,1829,199425,NA,35.2,0.1
08035,"Douglas County, Colorado",368283,NA,145737,1956,301035,1531,5286,568,36431,NA,39.5,0.2
08041,"El Paso County, Colorado",736008,NA,87470,1252,534679,3166,43788,1539,134942,NA,35,0.1
08059,"Jefferson County, Colorado",579715,NA,107800,1654,475142,2376,6578,664,92162,NA,40.4,0.2
08069,"Larimer County, Colorado",363561,NA,91364,1674,305591,1370,3680,452,46167,NA,36.6,0.2
08077,"Mesa County, Colorado",157316,NA,71485,1848,133317,1316,908,258,23957,NA,40.8,0.3
08101,"Pueblo County, Colorado",168726,NA,62250,2088,125637,1888,3510,251,70812,NA,40.4,0.3
08123,"Weld County, Colorado",340711,NA,93287,2429,258936,2691,4937,580,103804,NA,35.2,0.1
09110,"Capitol Planning Region, Connecticut",969029,NA,91541,1111,637789,2948,120661,2274,168439,NA,40.2,0.1
09120,"Greater Bridgeport Planning Region, Connecticut",326296,NA,87135,1961,192722,2091,41040,1096,85034,NA,40,0.3
09130,"Lower Connecticut River Valley Planning Region, Connecticut",174983,NA,101117,2587,143620,965,8921,676,13031,NA,45.8,0.2
09140,"Naugatuck Valley Planning Region, Connecticut",452303,NA,86365,2065,302936,2652,50684,1790,86804,NA,41.9,0.3
09150,"Northeastern Connecticut Planning Region, Connecticut",95829,NA,87564,4005,84910,537,1722,344,4839,NA,43.9,0.3
09160,"Northwest Hills Planning Region, Connecticut",112848,NA,91035,2915,96043,695,3072,452,9442,NA,47.1,0.3
09170,"South Central Connecticut Planning Region, Connecticut",566803,NA,86266,1735,362498,2304,79175,1444,108273,NA,40.2,0.2
09180,"Southeastern Connecticut Planning Region, Connecticut",279025,NA,84185,1981,212725,1858,15293,816,40941,NA,41,0.3
09190,"Western Connecticut Planning Region, Connecticut",621232,NA,124553,2356,398099,2625,64185,1671,123865,NA,41.5,0.2
10001,"Kent County, Delaware",185043,NA,72872,1932,110861,951,49879,1149,14649,NA,38.5,0.4
10003,"New Castle County, Delaware",573030,NA,89901,1993,323642,2175,144850,1862,65392,NA,39.2,0.2
10005,"Sussex County, Delaware",247799,NA,78162,1865,187296,1712,25916,756,27788,NA,51.4,0.2
11001,"District of Columbia, District of Columbia",672079,NA,106287,1803,262549,1466,290772,2264,77760,NA,34.9,0.1
12001,"Alachua County, Florida",281751,NA,59659,1398,176610,1501,54537,1039,34392,NA,32.2,0.2
12005,"Bay County, Florida",181368,NA,70188,1921,138770,1078,18134,664,15221,NA,41.4,0.3
12009,"Brevard County, Florida",620533,NA,75817,932,467703,2076,60843,1636,72613,NA,46.8,0.2
12011,"Broward County, Florida",1946127,NA,74534,993,829741,6749,549799,3871,621023,NA,41.3,0.2
12015,"Charlotte County, Florida",195083,NA,66154,1973,165176,742,10312,453,15278,NA,60,0.3
12017,"Citrus County, Florida",158693,NA,55355,2103,140889,800,3546,666,10329,NA,56.9,0.3
12019,"Clay County, Florida",223436,NA,86094,2544,160668,1219,25437,1225,24684,NA,40.2,0.4
12021,"Collier County, Florida",387681,NA,86173,2482,269331,2396,25539,964,106446,NA,53.1,0.2
12023,"Columbia County, Florida",70755,NA,55070,3248,51524,564,11658,475,5258,NA,40.7,0.5
12031,"Duval County, Florida",1007189,NA,68447,1307,531480,3873,291322,2508,118365,NA,36.7,0.3
12033,"Escambia County, Florida",323275,NA,65715,1773,208075,1148,68374,1541,21413,NA,38.1,0.2
12035,"Flagler County, Florida",121710,NA,72923,3495,93957,914,11420,552,13595,NA,52.6,0.2
12053,"Hernando County, Florida",201512,NA,63193,1815,158608,1439,10078,666,32348,NA,48.1,0.2
12055,"Highlands County, Florida",103808,NA,55581,2153,75374,1107,9763,440,22310,NA,54.2,0.2
12057,"Hillsborough County, Florida",1489634,NA,75011,1202,816520,5098,244347,2790,441871,NA,37.8,0.2
12061,"Indian River County, Florida",163856,NA,71049,2035,126618,1285,13211,1104,22009,NA,55,0.1
12069,"Lake County, Florida",398696,NA,69956,1970,281556,2432,40334,2125,71545,NA,46.7,0.2
12071,"Lee County, Florida",792692,NA,73099,1143,558482,4109,63125,1671,187055,NA,49.3,0.2
12073,"Leon County, Florida",295335,NA,65074,1311,166854,948,90582,908,23394,NA,31.9,0.2
12081,"Manatee County, Florida",416020,NA,75792,1748,310362,2727,32970,971,74279,NA,49.4,0.1
12083,"Marion County, Florida",387697,NA,58535,1504,278140,2271,48781,1323,61736,NA,48.2,0.2
12085,"Martin County, Florida",160464,NA,80701,2009,129803,1352,8071,434,24690,NA,53.2,0.2
12086,"Miami-Dade County, Florida",2685296,NA,68694,832,990981,10888,414760,3582,1846781,NA,40.8,0.1
12087,"Monroe County, Florida",81840,NA,82430,3751,59390,782,6070,360,19611,NA,48.9,0.3
12089,"Nassau County, Florida",94653,NA,88900,3972,81326,588,5250,450,5052,NA,46.3,0.5
12091,"Okaloosa County, Florida",214281,NA,79097,2829,156300,1106,20037,793,23230,NA,37.3,0.3
12095,"Orange County, Florida",1440471,NA,77011,1108,671615,5740,292616,3573,478735,NA,36.4,0.2
12097,"Osceola County, Florida",406943,NA,68711,1970,176679,4375,44788,2104,223890,NA,37,0.2
12099,"Palm Beach County, Florida",1507453,NA,81115,1028,864974,5503,278621,2377,358640,NA,45.4,0.2
12101,"Pasco County, Florida",588758,NA,67384,1352,442068,2529,36208,1360,104251,NA,43.7,0.2
12103,"Pinellas County, Florida",960565,NA,70293,911,721059,2270,93311,1887,104765,NA,48.9,0.1
12105,"Polk County, Florida",760961,NA,63644,868,455386,4047,112450,2288,211002,NA,39.6,0.2
12107,"Putnam County, Florida",74235,NA,47256,1961,54226,676,11347,414,8092,NA,45,0.1
12109,"St. Johns County, Florida",292243,NA,106169,3981,237204,1728,15285,929,25354,NA,44,0.2
12111,"St. Lucie County, Florida",346237,NA,69027,2187,206941,2543,72630,2022,72914,NA,45.3,0.1
12113,"Santa Rosa County, Florida",193719,NA,88968,2397,157431,1337,10729,641,12751,NA,40,0.3
12115,"Sarasota County, Florida",449011,NA,80633,1666,377207,1819,18450,878,45922,NA,57.3,0.2
12117,"Seminole County, Florida",474912,NA,83030,1873,297613,2359,56652,1546,110154,NA,39.8,0.3
12119,"Sumter County, Florida",137536,NA,73297,3166,118694,682,9405,339,8369,NA,68.4,0.3
12127,"Volusia County, Florida",568229,NA,66581,1033,412706,2041,60661,1139,89077,NA,46.6,0.2
12131,"Walton County, Florida",79846,NA,79281,4712,67211,758,3070,488,6563,NA,43.8,0.6
13013,"Barrow County, Georgia",86982,NA,77477,3714,60244,926,11489,422,12347,NA,36.4,0.3
13015,"Bartow County, Georgia",111153,NA,79431,3631,86925,1347,12224,666,11401,NA,38,0.4
13021,"Bibb County, Georgia",156543,NA,50747,2293,56414,726,85362,1030,6967,NA,36.6,0.3
13031,"Bulloch County, Georgia",81372,NA,56832,2700,51083,390,23003,422,4105,NA,30.2,0.1
13045,"Carroll County, Georgia",122187,NA,72327,3341,85305,1100,25063,421,10112,NA,35.3,0.2
13047,"Catoosa County, Georgia",68356,NA,72425,3316,60908,460,1557,366,2595,NA,40.8,0.4
13051,"Chatham County, Georgia",298143,NA,69575,2045,142225,1169,117507,1564,23945,NA,37.1,0.3
13057,"Cherokee County, Georgia",274539,NA,105442,1697,214561,1987,19719,834,33341,NA,40,0.3
13059,"Clarke County, Georgia",129267,NA,52267,1999,74568,856,33970,733,14751,NA,29.4,0.1
13063,"Clayton County, Georgia",298771,NA,58507,1942,34422,1698,208577,1936,42738,NA,33.3,0.2
13067,"Cobb County, Georgia",769152,NA,98712,2149,388587,3239,207606,2134,112882,NA,37.4,0.2
13073,"Columbia County, Georgia",159638,NA,96122,2881,107888,978,28671,947,12474,NA,37.5,0.5
13077,"Coweta County, Georgia",150071,NA,94142,3116,107104,949,27786,781,11859,NA,39,0.3
13089,"DeKalb County, Georgia",762105,NA,77683,1640,229260,1586,392153,2463,79372,NA,36.3,0.2
13095,"Dougherty County, Georgia",83915,NA,46784,1783,20016,253,59207,553,2561,NA,36.6,0.3
13097,"Douglas County, Georgia",146141,NA,80764,2546,53260,1226,71864,1292,17076,NA,36.8,0.2
13103,"Effingham County, Georgia",67265,NA,85465,6385,51410,633,9612,450,4128,NA,36.6,0.3
13113,"Fayette County, Georgia",120689,NA,108986,3777,71231,1059,30813,663,9978,NA,43.3,0.4
13115,"Floyd County, Georgia",98985,NA,62540,3154,71966,748,13550,516,11878,NA,37.8,0.4
13117,"Forsyth County, Georgia",260062,NA,138000,2698,172382,1322,10689,636,26070,NA,39.4,0.3
13121,"Fulton County, Georgia",1068507,NA,91490,1266,420487,2717,460766,2257,86110,NA,36.2,0.2
13127,"Glynn County, Georgia",84987,NA,68546,3490,54868,646,20918,685,6400,NA,43.3,0.3
13135,"Gwinnett County, Georgia",966972,NA,84823,1363,348931,3022,274987,2770,224818,NA,35.9,0.2
13139,"Hall County, Georgia",208395,NA,77430,2838,140452,1818,14159,727,59586,NA,38.2,0.2
13151,"Henry County, Georgia",245417,NA,81612,2434,90157,1607,124604,1567,19620,NA,37,0.2
13153,"Houston County, Georgia",166902,NA,80743,3640,91775,924,52733,1249,12228,NA,36.2,0.3
13157,"Jackson County, Georgia",80640,NA,85012,4632,64323,574,6222,320,7989,NA,38.1,0.4
13179,"Liberty County, Georgia",66826,NA,59013,2779,26550,428,28654,865,8298,NA,28.7,0.3
13185,"Lowndes County, Georgia",119055,NA,55887,2180,62733,600,44220,558,8169,NA,31.3,0.2
13215,"Muscogee County, Georgia",204383,NA,56622,1512,80261,1099,95491,1213,16884,NA,35.1,0.1
13217,"Newton County, Georgia",115530,NA,73732,2507,48471,924,54805,1079,7813,NA,36.4,0.3
13223,"Paulding County, Georgia",174292,NA,94557,4154,115162,1377,38312,1072,14256,NA,36.7,0.3
13245,"Richmond County, Georgia",206040,NA,53197,2385,68749,726,115506,1222,11627,NA,35,0.2
13247,"Rockdale County, Georgia",94293,NA,72349,3269,26640,806,54424,994,9994,NA,39.2,0.4
13255,"Spalding County, Georgia",68215,NA,60217,4634,38826,573,24149,473,3943,NA,39.2,0.7
13285,"Troup County, Georgia",69821,NA,54905,2898,38943,419,25486,359,3077,NA,37.2,0.6
13295,"Walker County, Georgia",68449,NA,55887,2998,61967,301,2994,340,1855,NA,41.8,0.5
13297,"Walton County, Georgia",100361,NA,82381,3471,72390,473,19800,435,6110,NA,39.7,0.5
13313,"Whitfield County, Georgia",103118,NA,64262,3995,71835,2006,3508,379,37703,NA,36.6,0.3
15001,"Hawaii County, Hawaii",203684,NA,77215,2280,63413,740,1599,227,23451,NA,44.1,0.2
15003,"Honolulu County, Hawaii",1003666,NA,104264,1357,188777,1502,24427,847,93725,NA,39.4,0.1
15007,"Kauai County, Hawaii",73610,NA,93612,4932,22151,258,466,154,7720,NA,42.7,0.3
15009,"Maui County, Hawaii",164632,17,95076,3077,51004,645,1248,221,17325,10,42.9,0.3
16001,"Ada County, Idaho",508052,NA,88907,1710,430629,1774,6510,622,48291,NA,38.3,0.2
16005,"Bannock County, Idaho",88457,NA,64080,2470,74579,1205,831,163,8481,NA,35,0.2
16019,"Bonneville County, Idaho",127056,NA,76646,2611,108446,1034,681,241,17992,NA,33.3,0.3
16027,"Canyon County, Idaho",242405,NA,72355,1595,180189,2546,1589,332,62458,NA,34.8,0.1
16055,"Kootenai County, Idaho",177736,NA,77034,2380,156689,1288,533,173,9663,NA,40.8,0.3
16083,"Twin Falls County, Idaho",92121,NA,65338,3390,75172,1105,784,274,16150,NA,35.8,0.3
17019,"Champaign County, Illinois",206098,NA,63091,1587,136542,929,27538,995,16628,NA,30.9,0.2
17031,"Cook County, Illinois",5185812,NA,81797,639,2408676,8612,1165825,3599,1374034,NA,37.8,0.1
17037,"DeKalb County, Illinois",100512,NA,69022,2476,76672,746,7815,464,14075,NA,32.6,0.3
17043,"DuPage County, Illinois",927263,NA,110502,1420,623577,2391,46564,1026,145993,NA,40,0.1
17089,"Kane County, Illinois",516097,NA,100678,1879,318622,3074,26357,1205,170629,NA,38.6,0.2
17091,"Kankakee County, Illinois",106833,NA,68325,2842,79585,865,15612,455,12948,NA,39,0.4
17093,"Kendall County, Illinois",135053,NA,110474,3926,93354,1131,11247,532,29273,NA,36,0.4
17097,"Lake County, Illinois",711885,NA,108917,1556,455739,2710,47294,1265,173796,NA,38.9,0.3
17099,"LaSalle County, Illinois",109049,NA,72281,2245,94696,628,2956,242,11806,NA,42.1,0.2
17111,"McHenry County, Illinois",311366,NA,102836,2073,256708,2074,4854,532,48557,NA,40.4,0.3
17113,"McLean County, Illinois",170882,NA,78329,2870,135586,703,14421,477,10700,NA,34.2,0.2
17115,"Macon County, Illinois",102591,NA,62449,2164,77128,305,17554,649,2821,NA,40.9,0.4
17119,"Madison County, Illinois",264631,NA,74800,1798,222292,808,22853,678,11039,NA,40.2,0.3
17143,"Peoria County, Illinois",179831,NA,64938,1963,123328,654,31509,1143,10348,NA,38.1,0.4
17161,"Rock Island County, Illinois",142995,NA,66768,2195,104439,744,15668,842,20013,NA,40.3,0.3
17163,"St. Clair County, Illinois",254777,NA,70178,2013,155810,1183,71311,1400,12600,NA,39.5,0.3
17167,"Sangamon County, Illinois",195217,NA,74114,1576,154464,507,24703,909,5451,NA,40.8,0.2
17179,"Tazewell County, Illinois",130555,NA,76704,1776,122633,443,1830,365,3355,NA,41.7,0.2
17183,"Vermilion County, Illinois",73179,NA,54537,1470,57768,399,10827,200,3968,NA,41.2,0.4
17197,"Will County, Illinois",698450,NA,107799,1286,454217,2415,82371,1137,134835,NA,38.9,0.1
17199,"Williamson County, Illinois",66902,NA,65521,3734,59702,271,2333,329,1881,NA,41.4,0.4
17201,"Winnebago County, Illinois",283289,NA,64363,1542,195682,1675,37802,1243,42452,NA,39.7,0.3
18003,"Allen County, Indiana",388791,NA,68839,1289,282728,1170,42329,1170,34095,NA,36.2,0.1
18005,"Bartholomew County, Indiana",82881,NA,80365,4774,66376,780,1481,213,7445,NA,37.7,0.4
18011,"Boone County, Indiana",72827,NA,104865,4208,64543,401,1779,269,2991,NA,38.3,0.7
18019,"Clark County, Indiana",122800,NA,72298,1970,102242,705,8652,712,8166,NA,39.8,0.4
18035,"Delaware County, Indiana",112109,NA,56932,2366,96750,470,5949,482,3552,NA,35.7,0.2
18039,"Elkhart County, Indiana",206868,NA,65617,2240,155801,1539,10154,852,40368,NA,35.5,0.2
18043,"Floyd County, Indiana",80512,NA,78179,3423,69925,304,4074,371,3256,NA,40.1,0.5
18053,"Grant County, Indiana",66377,NA,54007,2475,56412,331,3220,408,3530,NA,39.3,0.8
18057,"Hamilton County, Indiana",357176,NA,117957,3379,291484,1330,14994,1284,19165,NA,38,0.2
18059,"Hancock County, Indiana",82013,NA,91326,3157,73769,299,2570,308,2613,NA,40.2,0.4
18063,"Hendricks County, Indiana",179379,NA,99988,2787,144173,722,16308,647,8849,NA,38.6,0.4
18067,"Howard County, Indiana",83610,NA,62496,2618,71318,375,6566,408,3260,NA,41,0.5
18081,"Johnson County, Indiana",163983,NA,87227,2227,141281,937,5014,515,6744,NA,38.1,0.3
18085,"Kosciusko County, Indiana",80357,NA,73922,3409,70634,519,573,194,7643,NA,39,0.4
18089,"Lake County, Indiana",498990,NA,68985,1259,285553,1985,115720,987,102413,NA,39.6,0.3
18091,"LaPorte County, Indiana",112141,NA,70452,2189,88836,653,11728,692,8264,NA,40.8,0.3
18095,"Madison County, Indiana",130949,NA,62632,1573,111104,599,8251,603,6724,NA,40.8,0.3
18097,"Marion County, Indiana",971822,NA,63450,1274,526517,2994,268634,2705,129973,NA,34.3,0.1
18105,"Monroe County, Indiana",139822,NA,63372,2678,116590,479,4973,400,6441,NA,31.4,0.3
18109,"Morgan County, Indiana",72202,NA,79088,5089,68432,392,363,141,1433,NA,41.6,0.5
18127,"Porter County, Indiana",174150,NA,85828,3114,148272,1030,7271,398,19734,NA,40.6,0.4
18141,"St. Joseph County, Indiana",272574,NA,64885,1295,196634,967,34362,1016,27729,NA,36.7,0.2
18157,"Tippecanoe County, Indiana",187399,NA,58622,1711,142132,1097,11227,504,18958,NA,28.8,0.2
18163,"Vanderburgh County, Indiana",179908,NA,60938,1171,147680,767,17425,703,6480,NA,38.9,0.3
18167,"Vigo County, Indiana",106201,NA,52525,1904,90585,352,6528,378,3307,NA,36.4,0.3
18173,"Warrick County, Indiana",64650,NA,95027,5574,58751,485,1334,271,1504,NA,41.3,0.5
18177,"Wayne County, Indiana",66377,NA,56652,3411,57723,333,2737,437,2531,NA,40.9,0.3
19013,"Black Hawk County, Iowa",130693,NA,64581,1842,105125,547,12565,542,6579,NA,35.7,0.2
19049,"Dallas County, Iowa",104136,NA,102349,3220,88381,829,2568,401,6954,NA,35.8,0.2
19061,"Dubuque County, Iowa",98948,NA,75919,2773,88908,312,2890,393,3049,NA,38.8,0.5
19103,"Johnson County, Iowa",154881,NA,74721,2849,120233,735,11695,622,10312,NA,30.8,0.2
19113,"Linn County, Iowa",229463,NA,76421,2006,194149,884,13344,860,9120,NA,38.5,0.4
19153,"Polk County, Iowa",497441,NA,81621,1336,387043,1819,37411,1275,49816,NA,36.2,0.2
19155,"Pottawattamie County, Iowa",93407,NA,71446,1743,83108,535,1709,323,8127,NA,40.1,0.3
19163,"Scott County, Iowa",174302,NA,76363,1338,140647,886,12444,679,12512,NA,39,0.3
19169,"Story County, Iowa",98592,NA,69006,2382,81672,567,2679,238,4943,NA,27,0.3
19193,"Woodbury County, Iowa",105760,NA,70147,3560,78375,984,4813,533,19487,NA,36.2,0.4
20015,"Butler County, Kansas",67916,NA,80375,2305,59969,463,1517,255,3813,NA,38.3,0.4
20045,"Douglas County, Kansas",119547,NA,68756,2645,94630,682,5036,499,8443,NA,31.3,0.2
20091,"Johnson County, Kansas",614764,NA,107261,1307,492994,2045,29984,1016,55724,NA,38.3,0.2
20103,"Leavenworth County, Kansas",82493,NA,86906,3854,66371,484,6093,429,6027,NA,38.3,0.6
20161,"Riley County, Kansas",71710,NA,59560,2284,55831,620,4552,438,7120,NA,25.2,0.2
20173,"Sedgwick County, Kansas",524810,NA,67675,1215,373534,2348,41654,1443,84671,NA,35.9,0.2
20177,"Shawnee County, Kansas",178315,NA,66043,1865,135645,1241,13598,822,24244,NA,39.6,0.3
20209,"Wyandotte County, Kansas",167277,NA,60582,1645,77767,1688,32213,748,55765,NA,34.2,0.2
21015,"Boone County, Kentucky",137676,NA,94752,3275,117478,934,5240,569,7827,NA,37.7,0.3
21029,"Bullitt County, Kentucky",83209,NA,77640,2057,76770,524,1019,297,2401,NA,41.3,0.4
21037,"Campbell County, Kentucky",93193,NA,77271,3394,85245,414,2596,272,2362,NA,39,0.4
21047,"Christian County, Kentucky",72599,NA,54190,3191,49182,558,14017,630,6120,NA,28.6,0.2
21059,"Daviess County, Kentucky",103195,NA,65323,3243,89515,606,4516,450,4175,NA,38.7,0.4
21067,"Fayette County, Kentucky",321122,NA,67631,1736,224558,991,46225,1154,29571,NA,35.2,0.1
21093,"Hardin County, Kentucky",111452,NA,67608,3409,85453,510,12926,594,7007,NA,37.4,0.4
21111,"Jefferson County, Kentucky",777392,NA,67849,1081,507893,2051,170727,1744,60873,NA,38.4,0.2
21117,"Kenton County, Kentucky",169817,NA,79421,2610,147989,578,7120,445,7758,NA,37.8,0.3
21145,"McCracken County, Kentucky",67584,NA,62385,3051,55784,279,6730,381,2210,NA,42.4,0.6
21151,"Madison County, Kentucky",94064,NA,62407,2629,84077,478,3333,319,3180,NA,34.7,0.2
21185,"Oldham County, Kentucky",68600,NA,121491,3941,60073,397,2545,206,3301,NA,39.7,0.4
21199,"Pulaski County, Kentucky",65503,NA,50943,2251,61935,414,574,129,1948,NA,42.2,0.6
21227,"Warren County, Kentucky",137549,NA,64801,2103,106831,916,11890,597,9543,NA,33.4,0.3
22005,"Ascension Parish, Louisiana",128593,NA,92266,4386,83999,607,29501,699,10477,NA,36.4,0.4
22015,"Bossier Parish, Louisiana",129134,NA,66336,2422,84086,1391,30797,486,10328,NA,36.2,0.3
22017,"Caddo Parish, Louisiana",232973,NA,50067,1675,101983,747,114340,972,8531,NA,39.2,0.4
22019,"Calcasieu Parish, Louisiana",208668,NA,67849,3462,139728,1014,49440,1306,10805,NA,37.2,0.2
22033,"East Baton Rouge Parish, Louisiana",452821,NA,63075,2141,195656,1351,200404,2640,29827,NA,34.2,0.2
22045,"Iberia Parish, Louisiana",69194,NA,57811,3369,39620,363,21262,642,3810,NA,37.8,0.6
22051,"Jefferson Parish, Louisiana",432484,NA,65246,1663,227711,2044,112620,1534,78562,NA,39.9,0.3
22055,"Lafayette Parish, Louisiana",245075,NA,67660,2941,156910,1103,62153,1092,15847,NA,36.4,0.3
22057,"Lafourche Parish, Louisiana",96670,NA,63439,4877,73818,444,12728,551,5562,NA,39,0.4
22063,"Livingston Parish, Louisiana",145583,NA,78617,2931,121221,784,12013,564,9095,NA,36.4,0.3
22071,"Orleans Parish, Louisiana",376035,NA,55339,1552,118979,929,207633,1543,29855,NA,38.4,0.2
22073,"Ouachita Parish, Louisiana",158916,NA,51241,2631,90108,877,58926,724,5668,NA,36.6,0.2
22079,"Rapides Parish, Louisiana",128470,NA,55946,1929,78676,522,39926,556,5178,NA,37.8,0.4
22097,"St. Landry Parish, Louisiana",82128,NA,45637,3082,43885,210,33110,701,2338,NA,37.5,0.4
22103,"St. Tammany Parish, Louisiana",269331,NA,79277,2804,201888,1414,32914,1170,21369,NA,40.4,0.3
22105,"Tangipahoa Parish, Louisiana",135218,NA,57256,4845,83835,774,40430,757,7511,NA,35.7,0.3
22109,"Terrebonne Parish, Louisiana",107362,NA,64819,4495,70200,737,20674,601,7369,NA,37.3,0.5
23001,"Androscoggin County, Maine",112323,NA,67298,2594,99648,480,5247,439,2373,NA,40.8,0.5
23003,"Aroostook County, Maine",67227,NA,54254,1663,62766,230,512,153,1059,NA,48.4,0.3
23005,"Cumberland County, Maine",305940,NA,92983,1733,267862,1266,10209,562,8305,NA,42.1,0.3
23011,"Kennebec County, Maine",125614,NA,65062,2268,117378,345,1021,184,2708,NA,44,0.3
23019,"Penobscot County, Maine",153571,NA,63248,2103,141450,878,1563,205,2967,NA,42.5,0.3
23031,"York County, Maine",214731,NA,82904,3247,196259,1343,2305,291,4457,NA,45.3,0.2
24001,"Allegany County, Maryland",67762,NA,57393,2900,59149,221,4835,221,1260,NA,41.7,0.3
24003,"Anne Arundel County, Maryland",590936,NA,120324,1672,384920,2640,104594,1614,59213,NA,39,0.2
24005,"Baltimore County, Maryland",849586,NA,90904,1390,459349,2482,257555,1984,63048,NA,39.5,0.2
24009,"Calvert County, Maryland",93791,NA,132059,3357,71706,587,11461,476,4620,NA,40.5,0.5
24013,"Carroll County, Maryland",174318,NA,115876,3145,152005,816,6936,479,8333,NA,41.3,0.2
24015,"Cecil County, Maryland",104366,NA,91146,4181,86756,755,7374,578,5617,NA,40.8,0.5
24017,"Charles County, Maryland",168710,NA,120592,2691,59708,957,83046,1424,12648,NA,38.8,0.3
24021,"Frederick County, Maryland",280341,NA,120458,2695,197085,1634,28924,980,34570,NA,38.9,0.2
24025,"Harford County, Maryland",262509,NA,111317,2655,194602,764,38171,1087,14585,NA,40.5,0.2
24027,"Howard County, Maryland",333916,NA,146982,3334,163325,1213,66663,1151,28121,NA,39.4,0.2
24031,"Montgomery County, Maryland",1057586,NA,128733,1728,469359,2990,196862,1992,218219,NA,40.1,0.2
24033,"Prince George's County, Maryland",955584,NA,100708,1294,125734,2384,571024,2887,207694,NA,38.5,0.2
24037,"St. Mary's County, Maryland",114372,NA,114580,4177,82702,831,16874,576,6805,NA,37,0.3
24043,"Washington County, Maryland",155033,NA,74157,2375,119045,743,17807,737,11320,NA,41,0.3
24045,"Wicomico County, Maryland",104117,NA,72861,3051,63048,633,27563,827,7210,NA,36.2,0.3
24510,"Baltimore city, Maryland",577193,NA,59623,1145,158163,1210,346535,2145,45420,NA,36.1,0.2
25001,"Barnstable County, Massachusetts",230073,NA,94452,2087,200101,1796,6298,635,8178,NA,55.1,0.1
25003,"Berkshire County, Massachusetts",128047,NA,72565,2511,111769,644,3218,508,7176,NA,47.8,0.3
25005,"Bristol County, Massachusetts",578436,NA,84198,1682,454457,2841,25495,1540,56800,NA,40.9,0.2
25009,"Essex County, Massachusetts",807258,NA,99431,1893,567305,2945,33498,1487,187521,NA,41.1,0.2
25011,"Franklin County, Massachusetts",70922,NA,72584,2140,63431,355,1002,177,3691,NA,47.3,0.3
25013,"Hampden County, Massachusetts",462853,NA,70535,1145,312186,2692,40286,1494,123001,NA,39.8,0.2
25015,"Hampshire County, Massachusetts",156595,NA,86391,2372,130409,559,3647,368,11259,NA,38.7,0.3
25017,"Middlesex County, Massachusetts",1622896,NA,126779,1428,1119143,4157,81701,1825,145868,NA,38.9,0.1
25021,"Norfolk County, Massachusetts",724540,NA,126497,1825,517445,2178,52468,1442,40130,NA,40.9,0.2
25023,"Plymouth County, Massachusetts",531889,NA,109698,2047,414831,2307,46620,1976,25022,NA,42.9,0.2
25025,"Suffolk County, Massachusetts",782172,NA,92859,2104,376551,3234,149342,2358,178286,NA,33.8,0.2
25027,"Worcester County, Massachusetts",861664,NA,93561,1275,650963,3106,43791,1579,114759,NA,40.3,0.2
26005,"Allegan County, Michigan",120913,NA,80255,2217,107957,914,1480,203,9674,NA,40.8,0.4
26017,"Bay County, Michigan",103235,NA,60523,2180,94827,468,1405,264,6023,NA,43.8,0.3
26021,"Berrien County, Michigan",153411,NA,63152,1945,115071,713,20727,598,9396,NA,42.6,0.2
26025,"Calhoun County, Michigan",133846,NA,60385,1762,103642,521,13464,689,7678,NA,40.2,0.4
26037,"Clinton County, Michigan",79419,NA,85928,2802,71199,394,1315,201,4042,NA,41.8,0.3
26045,"Eaton County, Michigan",109000,NA,78025,2653,89972,530,7631,361,6718,NA,41.2,0.3
26049,"Genesee County, Michigan",404087,NA,60673,1303,293482,1216,78330,1437,16683,NA,40.6,0.3
26055,"Grand Traverse County, Michigan",95757,NA,79486,2455,88560,410,845,211,3138,NA,43.1,0.4
26065,"Ingham County, Michigan",282015,NA,64354,1478,198496,1224,33264,1267,24396,NA,33.3,0.1
26067,"Ionia County, Michigan",66706,NA,73436,2339,58444,282,2537,346,3466,NA,38.8,0.5
26075,"Jackson County, Michigan",160187,NA,65004,2012,134365,721,12267,534,6352,NA,41.2,0.3
26077,"Kalamazoo County, Michigan",261437,NA,70525,1367,200753,988,28836,1292,15121,NA,34.9,0.1
26081,"Kent County, Michigan",658844,NA,80390,1068,486762,2390,62581,1736,75849,NA,35.7,0.2
26087,"Lapeer County, Michigan",88703,NA,76228,1697,81293,445,1043,147,4394,NA,44.6,0.2
26091,"Lenawee County, Michigan",98823,NA,67013,1691,87997,616,2229,194,8650,NA,42.2,0.3
26093,"Livingston County, Michigan",195143,NA,101315,2197,183582,537,1005,173,5615,NA,43.8,0.2
26099,"Macomb County, Michigan",877624,NA,76399,1158,668634,1384,109372,1873,27006,NA,41.1,0.2
26103,"Marquette County, Michigan",66430,NA,64675,2064,60774,203,977,133,1345,NA,39.2,0.4
26111,"Midland County, Michigan",83641,NA,77538,2803,75970,326,1180,202,2784,NA,41.8,0.3
26115,"Monroe County, Michigan",155001,NA,75272,1826,140956,590,3463,376,6559,NA,42.6,0.3
26117,"Montcalm County, Michigan",67174,NA,64892,2061,59806,466,2172,336,2826,NA,40.1,0.5
26121,"Muskegon County, Michigan",175378,NA,63495,1493,135466,786,22109,809,10671,NA,39.9,0.3
26125,"Oakland County, Michigan",1272294,NA,95296,1130,897702,2408,165635,1992,62197,NA,41.2,0.2
26139,"Ottawa County, Michigan",298614,NA,87144,2130,255201,1374,4673,459,30177,NA,36.3,0.1
26145,"Saginaw County, Michigan",189210,NA,58347,1402,135723,827,35809,547,17188,NA,41.1,0.3
26147,"St. Clair County, Michigan",160089,NA,69349,1699,146571,494,3713,407,5753,NA,44.3,0.2
26155,"Shiawassee County, Michigan",68061,NA,64464,2866,64514,259,406,108,2071,NA,43.1,0.3
26159,"Van Buren County, Michigan",75681,NA,66902,3047,62002,552,2625,270,9248,NA,41.2,0.3
26161,"Washtenaw County, Michigan",368394,NA,87156,2133,257686,976,42757,1013,20789,NA,34.8,0.1
26163,"Wayne County, Michigan",1773767,NA,59521,559,886114,2225,660271,3260,119108,NA,37.8,0.1
27003,"Anoka County, Minnesota",367095,NA,98764,1545,283489,876,30611,842,20537,NA,38.8,0.2
27013,"Blue Earth County, Minnesota",69386,NA,72623,3118,60199,338,3177,341,3252,NA,31.5,0.2
27019,"Carver County, Minnesota",108622,NA,123144,3157,95421,681,1665,437,5393,NA,38.9,0.3
27027,"Clay County, Minnesota",65628,NA,77664,3040,56650,444,3174,467,3186,NA,33.5,0.3
27035,"Crow Wing County, Minnesota",67113,NA,71343,3021,63196,221,393,131,1024,NA,45.4,0.2
27037,"Dakota County, Minnesota",442204,NA,105212,1290,335999,1541,32429,1202,37321,NA,38.4,0.2
27053,"Hennepin County, Minnesota",1268903,NA,96339,1033,857471,2697,168909,2698,97813,NA,37.4,0.2
27109,"Olmsted County, Minnesota",163425,NA,93494,3355,128587,954,11818,608,9448,NA,37.8,0.3
27123,"Ramsey County, Minnesota",544438,NA,81004,1299,330661,1419,66223,1963,44888,NA,35.9,0.1
27131,"Rice County, Minnesota",67389,NA,82792,2658,54125,455,4350,135,6885,NA,37.1,0.4
27137,"St. Louis County, Minnesota",200056,NA,69455,1665,181117,423,3199,342,3767,NA,41.3,0.3
27139,"Scott County, Minnesota",152957,NA,120247,4022,120185,981,8017,665,9435,NA,37.3,0.3
27141,"Sherburne County, Minnesota",99178,NA,102965,4631,87092,663,3630,634,3167,NA,36.9,0.3
27145,"Stearns County, Minnesota",159358,NA,76447,1509,132088,616,13425,545,7190,NA,35,0.2
27163,"Washington County, Minnesota",272298,NA,114457,1928,217018,1054,13314,719,13798,NA,39.9,0.3
27171,"Wright County, Minnesota",145270,NA,106666,3433,129900,680,2707,426,5077,NA,37.4,0.3
28033,"DeSoto County, Mississippi",188598,NA,82980,2193,112258,855,60277,668,10612,NA,37,0.2
28035,"Forrest County, Mississippi",78027,NA,52821,3246,44647,362,27898,505,3264,NA,31.8,0.3
28047,"Harrison County, Mississippi",209443,NA,57233,2075,132198,705,50579,961,14023,NA,38.1,0.3
28049,"Hinds County, Mississippi",222494,NA,49966,1435,52494,337,161009,1070,4500,NA,36.6,0.2
28059,"Jackson County, Mississippi",144437,NA,64756,2869,98632,786,29659,744,10560,NA,39.7,0.3
28067,"Jones County, Mississippi",66839,NA,51143,5194,43698,810,19200,261,4071,NA,37.6,0.5
28073,"Lamar County, Mississippi",65081,NA,69106,4782,47389,476,14048,319,2366,NA,37.5,0.4
28075,"Lauderdale County, Mississippi",71984,NA,50033,4080,37119,369,30200,816,1782,NA,39.5,0.6
28081,"Lee County, Mississippi",83138,NA,67144,3110,52720,406,24885,444,2835,NA,37.7,0.4
28089,"Madison County, Mississippi",110303,NA,78794,4274,61170,517,41181,507,4131,NA,38.5,0.5
28121,"Rankin County, Mississippi",158218,NA,77454,3023,114094,622,34246,455,5072,NA,39.4,0.3
29019,"Boone County, Missouri",185874,NA,69913,2041,144831,747,17737,736,8134,NA,32.2,0.2
29021,"Buchanan County, Missouri",83855,NA,59423,2840,68982,587,4812,403,5901,NA,38.9,0.4
29031,"Cape Girardeau County, Missouri",82180,NA,68912,2419,70189,379,6650,350,2339,NA,37,0.3
29037,"Cass County, Missouri",109393,NA,87413,3813,93594,585,4970,336,5828,NA,40.1,0.4
29043,"Christian County, Missouri",91229,NA,81245,2391,84186,535,714,200,3264,NA,39.3,0.4
29047,"Clay County, Missouri",255566,NA,86150,1755,204665,1037,17320,936,19687,NA,37.6,0.3
29051,"Cole County, Missouri",76924,NA,73273,3685,62304,540,8647,338,2721,NA,39.7,0.6
29071,"Franklin County, Missouri",105316,NA,71973,2698,94575,1168,872,159,2343,NA,41.4,0.5
29077,"Greene County, Missouri",301121,NA,57488,1316,261044,1108,8796,639,14950,NA,36.4,0.2
29095,"Jackson County, Missouri",717021,NA,67178,1127,449853,2231,161426,1576,79383,NA,36.9,0.2
29097,"Jasper County, Missouri",123532,NA,57525,2931,105311,988,2201,313,11775,NA,36.6,0.3
29099,"Jefferson County, Missouri",228227,NA,80522,2296,205419,1703,2432,404,5793,NA,40.2,0.3
29165,"Platte County, Missouri",108751,NA,95748,3176,86636,631,8316,536,7535,NA,38.7,0.4
29183,"St. Charles County, Missouri",409830,NA,102912,1674,348543,1120,20698,774,16546,NA,39.6,0.2
29187,"St. Francois County, Missouri",66864,NA,54813,3857,61075,461,2014,186,1196,NA,39.2,0.5
29189,"St. Louis County, Missouri",996618,NA,81340,1143,627542,2703,240688,1968,37209,NA,40.2,0.2
29510,"St. Louis city, Missouri",293109,NA,55279,1530,133985,763,126357,901,15005,NA,36.6,0.2
30013,"Cascade County, Montana",84601,NA,66203,2345,71640,493,1232,172,4283,NA,38.3,0.4
30029,"Flathead County, Montana",108445,NA,71327,1749,99139,429,275,109,3800,NA,42.1,0.3
30031,"Gallatin County, Montana",122194,NA,87454,3078,109567,626,593,133,6272,NA,33.8,0.3
30049,"Lewis and Clark County, Montana",72580,NA,74543,3600,66397,511,421,83,2830,NA,41.3,0.4
30063,"Missoula County, Montana",119639,NA,71246,2330,104834,755,716,208,5902,NA,37,0.3
30111,"Yellowstone County, Montana",167340,NA,74400,2511,145204,1149,1466,394,10717,NA,38.7,0.3
31055,"Douglas County, Nebraska",585461,NA,79081,1335,414665,2013,61984,1398,82687,NA,35.5,0.1
31109,"Lancaster County, Nebraska",323673,NA,72625,1552,266343,1292,12203,786,26670,NA,34.3,0.2
31153,"Sarpy County, Nebraska",194051,NA,101402,1883,158580,1220,7930,615,21466,NA,35.5,0.2
32003,"Clark County, Nevada",2293764,NA,73845,670,1080706,5620,278121,3215,721337,NA,38.3,0.1
32031,"Washoe County, Nevada",491770,NA,85600,1617,321970,2429,11737,589,126068,NA,38.9,0.2
33005,"Cheshire County, New Hampshire",76945,NA,81001,3886,71201,394,619,181,1904,NA,43.5,0.3
33009,"Grafton County, New Hampshire",91759,NA,84021,2594,81589,420,1221,149,2603,NA,44,0.3
33011,"Hillsborough County, New Hampshire",424732,NA,100436,1773,353822,1882,10947,834,35041,NA,41,0.2
33013,"Merrimack County, New Hampshire",155018,NA,93944,2418,141676,501,2478,348,4083,NA,42.6,0.3
33015,"Rockingham County, New Hampshire",317163,NA,113927,2867,289993,1259,2715,465,11178,NA,44.8,0.1
33017,"Strafford County, New Hampshire",131743,NA,86564,4627,117190,626,1600,272,4110,NA,37.9,0.3
34001,"Atlantic County, New Jersey",274704,NA,76819,2168,159688,1578,38049,1335,54686,NA,42.2,0.3
34003,"Bergen County, New Jersey",954717,NA,123715,2159,561302,3951,54559,1466,211044,NA,42.1,0.2
34005,"Burlington County, New Jersey",464226,NA,105271,1532,306469,1907,76766,1714,42820,NA,41.7,0.2
34007,"Camden County, New Jersey",524042,NA,86384,1914,295701,1837,98859,1758,97957,NA,38.8,0.2
34009,"Cape May County, New Jersey",95236,NA,88046,3719,82830,656,3237,402,7676,NA,51.4,0.2
34011,"Cumberland County, New Jersey",152915,NA,64499,1963,79484,1814,27725,1017,53457,NA,37.6,0.3
34013,"Essex County, New Jersey",854130,NA,76712,1583,283278,3447,315154,2559,210724,NA,37.7,0.1
34015,"Gloucester County, New Jersey",304504,NA,102807,2467,234706,1110,32642,1149,23885,NA,40.1,0.3
34017,"Hudson County, New Jersey",710478,NA,90032,1688,263094,3759,86696,1814,289220,NA,35.8,0.2
34019,"Hunterdon County, New Jersey",129448,NA,139453,3573,108341,823,3394,284,11451,NA,46.2,0.2
34021,"Mercer County, New Jersey",383286,NA,96333,2433,190842,2152,73554,1303,85269,NA,39.2,0.3
34023,"Middlesex County, New Jersey",861535,NA,109028,1808,381022,2808,89702,1483,198174,NA,39.4,0.2
34025,"Monmouth County, New Jersey",643615,NA,122727,2148,490314,2576,39890,1277,81564,NA,43.2,0.2
34027,"Morris County, New Jersey",510375,NA,134929,2240,362246,2161,16787,820,78992,NA,42.7,0.2
34029,"Ocean County, New Jersey",646434,NA,86411,1630,549196,2768,19534,1031,68729,NA,41.4,0.2
34031,"Passaic County, New Jersey",518289,NA,87137,1969,242086,3079,55055,953,225149,NA,38.1,0.2
34033,"Salem County, New Jersey",64973,NA,78412,3254,48173,512,9195,439,6975,NA,41.9,0.4
34035,"Somerset County, New Jersey",346203,NA,135960,2875,187337,1721,33339,725,59019,NA,41.9,0.2
34037,"Sussex County, New Jersey",145117,NA,114316,2893,123044,829,3400,393,16039,NA,44.1,0.3
34039,"Union County, New Jersey",572549,NA,100117,2051,238727,2702,117441,1616,196795,NA,39.1,0.2
34041,"Warren County, New Jersey",110238,NA,99596,2673,88262,685,6075,373,13343,NA,43.9,0.2
35001,"Bernalillo County, New Mexico",674357,NA,66514,1415,369741,4231,20435,1070,329949,NA,39.3,0.2
35013,"Do√±a Ana County, New Mexico",221665,NA,55663,2067,108334,3390,3722,546,149893,NA,34,0.2
35025,"Lea County, New Mexico",73154,NA,68750,4810,38233,1614,2958,416,45091,NA,32.5,0.2
35031,"McKinley County, New Mexico",71172,NA,44496,2765,6998,397,327,106,8649,NA,34.1,0.2
35035,"Otero County, New Mexico",68235,NA,52717,2406,40957,1613,2490,180,26683,NA,36.3,0.4
35043,"Sandoval County, New Mexico",151538,NA,84053,3277,85025,1772,3322,376,59922,NA,41.1,0.4
35045,"San Juan County, New Mexico",121178,NA,53020,2556,51630,955,870,179,23890,NA,38,0.4
35049,"Santa Fe County, New Mexico",155175,NA,74689,3218,96125,1899,1527,239,74485,NA,48.5,0.2
35061,"Valencia County, New Mexico",77382,NA,58333,2985,43171,2075,1057,264,46872,NA,39,0.5
36001,"Albany County, New York",315374,NA,83149,1788,223239,1096,38696,1519,22163,NA,38.3,0.2
36005,"Bronx County, New York",1419250,NA,49036,872,223793,4790,484151,5200,779093,NA,35.6,0.1
36007,"Broome County, New York",197738,NA,61059,1769,161027,609,10789,726,10648,NA,39.4,0.3
36009,"Cattaraugus County, New York",76479,NA,58248,1978,68357,379,1125,198,1740,NA,42.5,0.3
36011,"Cayuga County, New York",75464,NA,66583,2266,66812,464,2314,385,2633,NA,43.7,0.4
36013,"Chautauqua County, New York",126329,NA,56507,1981,110294,557,3384,373,11792,NA,42.7,0.3
36015,"Chemung County, New York",82805,NA,63469,2608,71013,433,4913,415,2982,NA,41.9,0.4
36019,"Clinton County, New York",78961,NA,69208,2576,71102,323,2474,227,2714,NA,41.5,0.5
36027,"Dutchess County, New York",297144,NA,97273,2529,210504,1463,29383,879,44153,NA,42.6,0.2
36029,"Erie County, New York",950044,NA,71175,843,708613,1867,120580,1931,59892,NA,40.3,0.2
36045,"Jefferson County, New York",116130,NA,64978,2730,96742,580,5802,524,8481,NA,33.2,0.3
36047,"Kings County, New York",2646306,NA,78548,1052,1038877,4320,767120,5710,499799,NA,36.3,0.1
36053,"Madison County, New York",67572,NA,73141,2595,61737,468,1091,152,1718,NA,42.6,0.5
36055,"Monroe County, New York",754068,NA,74409,1109,536553,1789,110298,1740,73524,NA,39.5,0.2
36059,"Nassau County, New York",1388138,NA,143408,1643,824058,3981,157663,2445,256452,NA,41.8,0.2
36061,"New York County, New York",1627788,NA,104553,1777,820395,4065,227801,3347,395429,NA,38.9,0.2
36063,"Niagara County, New York",211341,NA,67809,1714,177330,753,13932,708,8151,NA,43.2,0.3
36065,"Oneida County, New York",229645,NA,68819,2061,187061,897,12818,933,15588,NA,40.8,0.3
36067,"Onondaga County, New York",471611,NA,74740,1143,358131,947,50946,1428,27105,NA,39.5,0.2
36069,"Ontario County, New York",112405,NA,79814,2440,100594,557,2598,325,6260,NA,43.9,0.2
36071,"Orange County, New York",403840,NA,96497,2376,259798,2550,46085,1316,93608,NA,36.9,0.2
36075,"Oswego County, New York",117945,NA,68461,2888,109406,567,1292,189,3778,NA,40.6,0.4
36079,"Putnam County, New York",97988,NA,127405,4845,75621,1036,3292,452,18676,NA,44.2,0.2
36081,"Queens County, New York",2330124,NA,84961,880,660474,4966,405167,3860,650071,NA,40.4,0.1
36083,"Rensselaer County, New York",160341,NA,86663,2122,130533,750,10825,747,9539,NA,40.2,0.3
36085,"Richmond County, New York",492734,NA,98290,2957,309682,2903,48956,1279,96147,NA,40.4,0.3
36087,"Rockland County, New York",338936,NA,110631,3118,217500,1717,37424,930,67951,NA,35.1,0.1
36089,"St. Lawrence County, New York",107796,NA,61900,2508,99295,331,2118,160,2718,NA,39,0.4
36091,"Saratoga County, New York",237075,NA,99653,3109,211669,869,3890,370,9059,NA,43.4,0.2
36093,"Schenectady County, New York",159603,NA,76989,2249,112082,959,17273,1094,12855,NA,39.6,0.4
36101,"Steuben County, New York",93034,NA,64740,2007,85865,316,1537,171,1754,NA,43.1,0.2
36103,"Suffolk County, New York",1525680,NA,128329,1374,1051038,3818,113159,3057,338930,NA,41.7,0.1
36105,"Sullivan County, New York",79147,NA,69826,2633,56634,643,6918,531,14544,NA,41.7,0.3
36109,"Tompkins County, New York",102879,NA,73012,3102,78993,425,4105,459,6683,NA,32.8,0.3
36111,"Ulster County, New York",182109,NA,81804,2953,139093,1458,11185,621,21562,NA,44.2,0.1
36113,"Warren County, New York",65560,NA,78239,4231,61144,314,824,202,1865,NA,46.8,0.3
36117,"Wayne County, New York",91128,NA,73914,2388,80916,583,2164,226,4625,NA,43.6,0.3
36119,"Westchester County, New York",996888,NA,118411,1860,545304,4000,139205,2115,269085,NA,41.5,0.2
37001,"Alamance County, North Carolina",174286,NA,64445,2226,109467,1087,34710,873,25716,NA,38.7,0.3
37019,"Brunswick County, North Carolina",145889,NA,74034,2420,120123,866,11808,616,8037,NA,56.1,0.2
37021,"Buncombe County, North Carolina",271790,NA,70578,1846,225935,1204,14702,917,22443,NA,42.4,0.2
37023,"Burke County, North Carolina",87863,NA,55684,3343,71266,518,5320,368,7229,NA,44.9,0.4
37025,"Cabarrus County, North Carolina",231262,NA,86084,2770,143046,1717,43654,1351,28603,NA,37.7,0.3
37027,"Caldwell County, North Carolina",80618,NA,55401,2012,69846,348,3319,357,5160,NA,45.5,0.3
37031,"Carteret County, North Carolina",68652,NA,70235,2152,59550,391,2998,271,3230,NA,50.1,0.2
37035,"Catawba County, North Carolina",162051,NA,64544,1989,122846,1199,12975,589,17954,NA,41.8,0.3
37037,"Chatham County, North Carolina",78319,NA,88534,5894,56808,889,8238,451,10520,NA,47.6,0.5
37045,"Cleveland County, North Carolina",100170,NA,55769,2864,72654,666,18406,967,4426,NA,41.2,0.5
37049,"Craven County, North Carolina",101074,NA,64635,3733,68095,738,20493,532,7523,NA,39.2,0.5
37051,"Cumberland County, North Carolina",336749,NA,58780,855,147878,1159,125737,1495,41644,NA,31.8,0.2
37057,"Davidson County, North Carolina",171063,NA,62426,2147,135280,1090,15898,768,14633,NA,42.3,0.4
37063,"Durham County, North Carolina",329405,NA,79501,2416,149981,2082,108885,1278,50307,NA,35.8,0.1
37067,"Forsyth County, North Carolina",386740,NA,65541,1422,225043,2009,98592,1195,56553,NA,38.3,0.2
37069,"Franklin County, North Carolina",71962,NA,71386,3973,45327,576,17074,604,7637,NA,40.9,0.5
37071,"Gaston County, North Carolina",231485,NA,65472,1905,163004,968,40681,809,21518,NA,39.5,0.4
37081,"Guilford County, North Carolina",542987,NA,66027,1584,266751,1769,184691,2117,53188,NA,37.4,0.2
37085,"Harnett County, North Carolina",136503,NA,69012,3266,85935,904,28377,905,19970,NA,35.4,0.2
37089,"Henderson County, North Carolina",117387,NA,67623,3013,98766,1101,3842,589,15034,NA,47.2,0.3
37097,"Iredell County, North Carolina",191800,NA,78678,2411,144865,960,22203,854,17001,NA,40.9,0.3
37101,"Johnston County, North Carolina",226623,NA,79838,2522,151028,1689,37620,748,36811,NA,38.3,0.3
37105,"Lee County, North Carolina",64565,NA,63060,2807,42408,992,11995,589,13590,NA,39.9,0.6
37109,"Lincoln County, North Carolina",90359,NA,78490,3290,76579,735,5271,248,7065,NA,44.3,0.2
37119,"Mecklenburg County, North Carolina",1130906,NA,83765,1127,526435,3084,344569,2725,174580,NA,35.4,0.2
37125,"Moore County, North Carolina",102840,NA,82837,3212,80209,643,9898,580,7799,NA,42.8,0.4
37127,"Nash County, North Carolina",95451,NA,60704,2284,46001,551,38787,430,7578,NA,41.6,0.5
37129,"New Hanover County, North Carolina",231214,NA,72892,1510,178985,1298,26060,892,17675,NA,40.1,0.4
37133,"Onslow County, North Carolina",208537,NA,64568,1873,144394,1126,26157,1219,28739,NA,27.1,0.3
37135,"Orange County, North Carolina",147292,NA,88553,2184,103797,858,15595,572,15540,NA,36.2,0.2
37141,"Pender County, North Carolina",63475,NA,76838,3877,48080,654,7847,391,5402,NA,41.8,0.6
37147,"Pitt County, North Carolina",172279,NA,58851,2190,91243,543,60469,865,13263,NA,33.6,0.2
37151,"Randolph County, North Carolina",145322,NA,59047,2415,116545,1153,8907,598,19722,NA,41.4,0.4
37155,"Robeson County, North Carolina",116858,NA,40318,1300,29029,372,27233,258,12216,NA,36.5,0.2
37157,"Rockingham County, North Carolina",91585,NA,55796,1938,66525,659,16112,528,6308,NA,44.7,0.2
37159,"Rowan County, North Carolina",148487,NA,63196,2324,105910,1255,23278,652,16784,NA,40.5,0.4
37171,"Surry County, North Carolina",71407,NA,56095,3150,61533,766,2680,275,8674,NA,43.7,0.4
37179,"Union County, North Carolina",244975,NA,99243,2455,174145,1449,27397,916,31683,NA,39.1,0.3
37183,"Wake County, North Carolina",1151009,NA,101763,1289,683568,2801,221985,2336,131104,NA,37.2,0.1
37191,"Wayne County, North Carolina",117606,NA,58082,2512,64683,928,35979,651,15495,NA,37.4,0.5
37193,"Wilkes County, North Carolina",65983,NA,50438,3044,57561,335,2461,369,4785,NA,45.3,0.3
37195,"Wilson County, North Carolina",78648,NA,51381,1884,36231,664,30889,343,9354,NA,40.7,0.4
38015,"Burleigh County, North Dakota",98986,NA,84948,3467,85701,718,1869,347,3244,NA,38,0.3
38017,"Cass County, North Dakota",189286,NA,75023,2048,158063,862,12256,508,6576,NA,32.9,0.2
38035,"Grand Forks County, North Dakota",72764,NA,68450,2748,61065,321,2615,319,3783,NA,30.6,0.2
38101,"Ward County, North Dakota",69232,NA,79273,2126,56909,380,2861,306,4800,NA,33.3,0.3
39003,"Allen County, Ohio",101685,NA,62001,2572,82251,428,10805,658,3501,NA,39.7,0.4
39007,"Ashtabula County, Ohio",97343,NA,55507,1848,87215,521,3708,327,4673,NA,42.7,0.4
39013,"Belmont County, Ohio",65982,NA,58411,2670,60286,250,2040,241,837,NA,44.1,0.3
39017,"Butler County, Ohio",389910,NA,81194,1770,303855,2123,32333,1241,25823,NA,37.1,0.2
39023,"Clark County, Ohio",135445,NA,60846,1717,113146,445,11136,617,5481,NA,41.2,0.4
39025,"Clermont County, Ohio",209862,NA,83178,1969,193999,721,3119,445,5131,NA,40.8,0.3
39029,"Columbiana County, Ohio",101203,NA,58474,2811,94309,435,1937,251,1871,NA,44.7,0.2
39035,"Cuyahoga County, Ohio",1249418,NA,62823,748,733835,2114,362015,2377,84864,NA,40.5,0.2
39041,"Delaware County, Ohio",221160,NA,130088,3209,179940,939,9233,556,7373,NA,39.9,0.3
39043,"Erie County, Ohio",74938,NA,68431,2971,61587,620,6334,371,3299,NA,45.2,0.4
39045,"Fairfield County, Ohio",161289,NA,87069,2636,133267,635,14324,645,4294,NA,39.5,0.3
39049,"Franklin County, Ohio",1321635,NA,73795,862,799189,2467,304406,3162,93630,NA,34.7,0.1
39055,"Geauga County, Ohio",95479,NA,100783,3844,89461,608,898,135,1775,NA,45,0.2
39057,"Greene County, Ohio",168531,NA,85218,2530,139641,809,9916,607,5418,NA,38.7,0.2
39061,"Hamilton County, Ohio",827878,NA,70816,990,532630,1746,207806,2347,37415,NA,36.9,0.1
39063,"Hancock County, Ohio",74885,NA,69699,3809,67314,420,1371,224,4389,NA,39.6,0.3
39085,"Lake County, Ohio",232101,NA,77952,2016,201733,1140,11339,674,11833,NA,44,0.2
39089,"Licking County, Ohio",180311,NA,81033,2698,156892,594,7231,519,4223,NA,40.2,0.3
39093,"Lorain County, Ohio",314588,NA,70693,1173,250254,1259,23588,936,33992,NA,42.1,0.3
39095,"Lucas County, Ohio",428748,NA,60095,1169,296678,1125,83542,1284,32860,NA,38.3,0.2
39099,"Mahoning County, Ohio",227063,NA,55576,1592,172628,860,32405,739,14765,NA,43.4,0.2
39101,"Marion County, Ohio",65145,NA,57306,4297,57079,282,3395,352,2034,NA,40.5,0.5
39103,"Medina County, Ohio",183049,NA,92660,2626,169696,673,2368,358,4803,NA,43.1,0.3
39109,"Miami County, Ohio",109549,NA,74175,2266,99899,361,2261,334,2294,NA,41.1,0.4
39113,"Montgomery County, Ohio",535528,NA,64403,1144,370565,1192,109697,1538,21691,NA,38.8,0.2
39119,"Muskingum County, Ohio",86382,NA,59203,3001,78566,262,2721,298,1111,NA,40.5,0.4
39133,"Portage County, Ohio",161421,NA,72822,2759,141303,790,7621,539,3591,NA,39.3,0.4
39139,"Richland County, Ohio",125138,NA,57649,2267,106341,429,9316,642,2757,NA,40.9,0.4
39141,"Ross County, Ohio",76748,NA,59819,3455,68353,355,4131,306,1070,NA,41,0.5
39145,"Scioto County, Ohio",73118,NA,49571,2919,68092,297,1786,255,1093,NA,40.6,0.5
39151,"Stark County, Ohio",373764,NA,65740,1294,318786,917,28074,1356,10887,NA,41.9,0.3
39153,"Summit County, Ohio",538087,NA,71016,991,403547,1124,75307,1438,13884,NA,41.2,0.2
39155,"Trumbull County, Ohio",201367,NA,55088,1772,173084,717,16140,792,4382,NA,43.8,0.2
39157,"Tuscarawas County, Ohio",92585,NA,64494,2918,87374,558,689,204,4070,NA,41.2,0.6
39159,"Union County, Ohio",65293,NA,109506,3847,56522,333,1568,279,1905,NA,38.1,0.4
39165,"Warren County, Ohio",246364,NA,107843,2258,206234,1337,8330,513,8187,NA,39.8,0.3
39169,"Wayne County, Ohio",116618,NA,71769,2489,108708,384,1351,282,2781,NA,38.9,0.5
39173,"Wood County, Ohio",131795,NA,73124,2248,115868,634,2615,303,8425,NA,35.7,0.2
40017,"Canadian County, Oklahoma",162621,NA,85427,2037,121172,1029,5897,418,18557,NA,36.1,0.2
40027,"Cleveland County, Oklahoma",297545,NA,74446,2215,212056,1458,14585,862,31631,NA,35.1,0.1
40031,"Comanche County, Oklahoma",121699,NA,59000,1632,71444,794,18640,963,17481,NA,33.7,0.2
40037,"Creek County, Oklahoma",72353,NA,61849,2008,55050,361,1544,162,3706,NA,40.6,0.3
40101,"Muskogee County, Oklahoma",66471,NA,51999,2180,37153,387,6490,276,4814,NA,38.2,0.3
40109,"Oklahoma County, Oklahoma",800487,NA,65374,926,479766,3055,116150,2071,157068,NA,35.1,0.1
40119,"Payne County, Oklahoma",82290,NA,48937,2090,62628,375,3042,354,5287,NA,27.7,0.2
40125,"Pottawatomie County, Oklahoma",73011,NA,60828,1653,52814,269,2305,175,4501,NA,38,0.5
40131,"Rogers County, Oklahoma",97235,NA,77688,1584,69508,383,954,140,5690,NA,39.3,0.3
40143,"Tulsa County, Oklahoma",673708,NA,67317,730,422034,1644,65542,1020,102464,NA,36,0.2
40145,"Wagoner County, Oklahoma",84339,NA,78520,2191,58751,443,2876,228,6937,NA,38.8,0.3
41003,"Benton County, Oregon",96359,NA,76011,3407,77495,617,1346,296,8751,NA,33.8,0.2
41005,"Clackamas County, Oregon",422308,NA,100360,2211,338903,1893,4448,453,41314,NA,42.1,0.2
41017,"Deschutes County, Oregon",203026,NA,87640,2429,179623,1213,833,271,18140,NA,42.6,0.2
41019,"Douglas County, Oregon",111807,NA,58983,1752,97979,774,396,138,7133,NA,46.6,0.4
41029,"Jackson County, Oregon",222563,NA,71443,1561,184577,1751,1475,260,31625,NA,42.7,0.3
41033,"Josephine County, Oregon",88069,NA,59097,2906,76884,806,487,139,7434,NA,47.5,0.4
41035,"Klamath County, Oregon",69812,NA,59353,3154,55581,716,493,108,9387,NA,41.3,0.5
41039,"Lane County, Oregon",382628,NA,69311,1539,313849,1529,4472,423,39044,NA,40.2,0.2
41043,"Linn County, Oregon",129794,NA,73396,2930,110760,891,526,185,13343,NA,40.2,0.3
41047,"Marion County, Oregon",346532,NA,74624,1593,239703,2458,3900,464,98133,NA,37.2,0.2
41051,"Multnomah County, Oregon",803863,NA,86247,1727,562458,2210,44401,1336,105204,NA,38.5,0.2
41053,"Polk County, Oregon",88553,NA,81318,2600,70700,1000,669,206,13459,NA,37.6,0.4
41059,"Umatilla County, Oregon",80087,NA,68958,3985,56749,1298,594,216,23185,NA,36.7,0.4
41067,"Washington County, Oregon",600266,NA,104434,1399,396022,2564,13763,893,109211,NA,37.8,0.2
41071,"Yamhill County, Oregon",108122,NA,87084,4086,84781,1137,760,157,18490,NA,39.5,0.4
42001,"Adams County, Pennsylvania",105183,NA,81071,2227,94864,504,1999,368,7919,NA,43.8,0.3
42003,"Allegheny County, Pennsylvania",1240476,NA,76393,842,953922,1310,155056,1905,34884,NA,40.6,0.1
42005,"Armstrong County, Pennsylvania",65069,NA,64295,2808,62318,296,627,121,580,NA,47.2,0.3
42007,"Beaver County, Pennsylvania",166993,NA,70156,1539,146436,563,10355,545,3781,NA,44.7,0.2
42011,"Berks County, Pennsylvania",429989,NA,77684,1522,310830,2118,20358,1183,103077,NA,39.9,0.2
42013,"Blair County, Pennsylvania",121854,NA,60594,1783,113639,642,2165,323,1781,NA,42.9,0.3
42017,"Bucks County, Pennsylvania",645993,NA,111951,1709,532197,1883,24211,1092,40952,NA,44.1,0.1
42019,"Butler County, Pennsylvania",195870,NA,86775,2932,183784,534,2032,246,3799,NA,43.3,0.2
42021,"Cambria County, Pennsylvania",132355,NA,56292,1713,121267,305,4301,452,2646,NA,45.7,0.2
42025,"Carbon County, Pennsylvania",65191,NA,67877,3574,58673,429,1518,340,4154,NA,46.3,0.4
42027,"Centre County, Pennsylvania",158041,NA,72748,1937,134114,616,5265,367,5630,NA,33.8,0.2
42029,"Chester County, Pennsylvania",540896,NA,123041,2646,423956,1893,28466,1329,44329,NA,40.7,0.2
42033,"Clearfield County, Pennsylvania",78902,NA,60181,1906,73484,320,1752,178,2271,NA,45.6,0.3
42039,"Crawford County, Pennsylvania",83189,NA,60254,1974,77989,299,1383,183,1269,NA,43.9,0.2
42041,"Cumberland County, Pennsylvania",264422,NA,85634,2746,220547,913,11848,956,12913,NA,40.3,0.2
42043,"Dauphin County, Pennsylvania",287484,NA,74159,1698,186536,1441,50766,1393,32425,NA,39.4,0.3
42045,"Delaware County, Pennsylvania",576195,NA,88576,1853,371394,1436,126895,1630,27733,NA,39,0.2
42049,"Erie County, Pennsylvania",269544,NA,61476,1408,225040,844,18596,912,12487,NA,40.1,0.3
42051,"Fayette County, Pennsylvania",126967,NA,56093,1567,114397,450,5156,523,1707,NA,45.4,0.2
42055,"Franklin County, Pennsylvania",156626,NA,74946,1764,137549,1307,5056,452,11218,NA,42.2,0.4
42063,"Indiana County, Pennsylvania",83213,NA,58739,2243,77087,444,2041,252,1482,NA,39.5,0.4
42069,"Lackawanna County, Pennsylvania",215834,NA,64691,1612,180058,893,6635,609,19782,NA,41.9,0.3
42071,"Lancaster County, Pennsylvania",555151,NA,83703,1740,460035,2145,22176,1266,62574,NA,39.1,0.2
42073,"Lawrence County, Pennsylvania",85423,NA,60779,1899,77191,378,3164,316,1756,NA,44.9,0.2
42075,"Lebanon County, Pennsylvania",143592,NA,76350,2027,117746,977,2950,434,21113,NA,41.3,0.4
42077,"Lehigh County, Pennsylvania",375408,NA,77493,2229,250651,2119,26043,1313,101194,NA,39.3,0.2
42079,"Luzerne County, Pennsylvania",325978,NA,62321,1298,255267,1472,17107,1250,51917,NA,42.1,0.2
42081,"Lycoming County, Pennsylvania",113570,NA,64412,2266,101203,578,5038,488,2562,NA,41.3,0.3
42085,"Mercer County, Pennsylvania",109852,NA,60614,2091,97737,427,6123,295,1751,NA,45.2,0.1
42089,"Monroe County, Pennsylvania",167784,NA,82374,2758,111592,1411,23488,1226,29702,NA,43.9,0.2
42091,"Montgomery County, Pennsylvania",861225,NA,111521,1430,640759,2226,79804,1375,55791,NA,41.1,0.2
42095,"Northampton County, Pennsylvania",315927,NA,86687,1637,242420,1474,18651,884,47075,NA,42,0.3
42097,"Northumberland County, Pennsylvania",90925,NA,57948,1782,82792,488,2468,233,4412,NA,44.4,0.3
42101,"Philadelphia County, Pennsylvania",1582432,NA,60698,763,571785,4247,631361,4503,240543,NA,35.1,0.1
42107,"Schuylkill County, Pennsylvania",143259,NA,66901,1609,128550,565,4152,278,9744,NA,43.9,0.2
42111,"Somerset County, Pennsylvania",73255,NA,59378,1484,69242,223,1418,139,1096,NA,47,0.2
42125,"Washington County, Pennsylvania",209778,NA,77487,1747,190444,672,6679,473,4115,NA,44.2,0.2
42129,"Westmoreland County, Pennsylvania",353345,NA,72468,1522,327086,799,8858,526,5402,NA,47.1,0.2
42133,"York County, Pennsylvania",459312,NA,82238,1228,380861,1569,27012,1046,41774,NA,40.9,0.2
44003,"Kent County, Rhode Island",170658,NA,91278,2325,147797,873,3513,505,10976,NA,43.6,0.3
44005,"Newport County, Rhode Island",85095,NA,100859,4693,72217,627,3236,397,5583,NA,46.4,0.3
44007,"Providence County, Rhode Island",658977,NA,78204,1588,409072,3170,54845,2646,164093,NA,37.9,0.2
44009,"Washington County, Rhode Island",130073,NA,102478,3373,117574,427,1729,308,4808,NA,45.3,0.2
45003,"Aiken County, South Carolina",171949,NA,67940,2609,113667,845,42183,726,11974,NA,41.6,0.3
45007,"Anderson County, South Carolina",207218,NA,64683,2298,159966,919,28250,1048,10188,NA,40.5,0.3
45013,"Beaufort County, South Carolina",192123,NA,84819,2376,134712,1290,30354,894,23539,NA,47.2,0.3
45015,"Berkeley County, South Carolina",238723,NA,82327,1936,150619,1290,55308,953,21150,NA,36.7,0.2
45019,"Charleston County, South Carolina",414711,NA,84320,1939,274352,1361,98520,1248,29019,NA,39,0.3
45035,"Dorchester County, South Carolina",164322,NA,76896,3033,103658,896,41255,1058,11323,NA,37.9,0.3
45041,"Florence County, South Carolina",136921,NA,56650,2787,69090,456,58857,556,4391,NA,39.2,0.5
45045,"Greenville County, South Carolina",537575,NA,74624,1577,366669,1984,90203,1864,60182,NA,38.5,0.2
45047,"Greenwood County, South Carolina",69329,NA,50635,2980,43511,754,21709,356,4848,NA,39.6,0.5
45051,"Horry County, South Carolina",368937,NA,64623,1669,286993,1690,43726,807,25961,NA,48.2,0.2
45055,"Kershaw County, South Carolina",66924,NA,64343,3525,45304,346,15687,381,3744,NA,40.3,0.5
45057,"Lancaster County, South Carolina",100905,NA,74751,4111,70990,839,19569,555,7062,NA,42.2,0.5
45059,"Laurens County, South Carolina",67904,NA,55517,3052,45795,611,15629,485,4303,NA,40.9,0.4
45063,"Lexington County, South Carolina",300370,NA,75014,1833,220420,1009,44926,1001,22831,NA,39.7,0.2
45073,"Oconee County, South Carolina",79566,NA,60193,4091,67416,467,5398,301,4642,NA,46.7,0.4
45075,"Orangeburg County, South Carolina",83531,NA,43214,2271,28678,346,51467,255,2100,NA,40.8,0.3
45077,"Pickens County, South Carolina",132604,NA,59411,2628,112772,626,8189,360,6809,NA,36.2,0.2
45079,"Richland County, South Carolina",418725,NA,61699,1088,172815,1190,198151,1447,26339,NA,34.2,0.1
45083,"Spartanburg County, South Carolina",338096,NA,64195,1482,228924,1263,67021,891,29892,NA,37.9,0.2
45085,"Sumter County, South Carolina",104853,NA,55990,2721,47341,425,48447,874,4500,NA,37.3,0.5
45091,"York County, South Carolina",288559,NA,83060,2983,200638,1160,54031,836,20331,NA,39.4,0.3
46083,"Lincoln County, South Dakota",68286,NA,96552,2245,61767,508,1548,288,1970,NA,35.8,0.4
46099,"Minnehaha County, South Dakota",200689,NA,76074,2323,162318,973,13184,743,12757,NA,35.7,0.1
46103,"Pennington County, South Dakota",112081,NA,70768,2235,90040,648,1463,214,6165,NA,39.7,0.3
47001,"Anderson County, Tennessee",78175,NA,63171,2466,68537,453,2641,364,3000,NA,42,0.4
47009,"Blount County, Tennessee",137747,NA,74607,2128,124541,607,3573,440,6097,NA,43.9,0.3
47011,"Bradley County, Tennessee",109743,NA,63789,2104,93195,828,5670,508,8827,NA,39.3,0.5
47037,"Davidson County, Tennessee",709846,NA,75664,1036,404978,2961,178861,1918,96481,NA,34.6,0.1
47059,"Greene County, Tennessee",70919,NA,54071,3235,65389,404,1371,230,2662,NA,44.6,0.2
47063,"Hamblen County, Tennessee",64930,NA,52794,3886,53306,826,1737,353,9561,NA,40.8,0.7
47065,"Hamilton County, Tennessee",370913,NA,72568,1935,263665,1425,65155,1110,28357,NA,39.5,0.3
47093,"Knox County, Tennessee",487401,NA,71662,1187,395867,1441,39710,1092,29579,NA,37.3,0.2
47113,"Madison County, Tennessee",98845,NA,58189,2723,53868,747,36151,598,4920,NA,38.3,0.5
47119,"Maury County, Tennessee",104855,NA,74162,3436,83962,788,11099,653,8178,NA,39.2,0.4
47125,"Montgomery County, Tennessee",227957,NA,72365,2926,146530,1268,45621,1349,25020,NA,31.7,0.2
47141,"Putnam County, Tennessee",81366,NA,56537,2061,71391,531,2016,207,6538,NA,36.1,0.4
47147,"Robertson County, Tennessee",74291,NA,78439,4008,60576,520,5233,380,7150,NA,39.1,0.5
47149,"Rutherford County, Tennessee",351591,NA,82588,1854,239171,2090,52801,1355,40625,NA,34,0.1
47155,"Sevier County, Tennessee",98802,NA,63829,3050,86681,747,862,194,8822,NA,43.6,0.6
47157,"Shelby County, Tennessee",922195,NA,62337,1088,322797,2309,487064,2091,78252,NA,35.8,0.1
47163,"Sullivan County, Tennessee",159693,NA,56802,1820,148653,463,3212,334,3905,NA,45,0.2
47165,"Sumner County, Tennessee",200553,NA,86005,2171,162173,1317,17253,588,13759,NA,39.7,0.4
47179,"Washington County, Tennessee",134693,NA,61051,2930,118113,747,5055,505,6356,NA,40.3,0.5
47187,"Williamson County, Tennessee",254609,NA,131202,3993,210781,975,9676,675,14809,NA,40.3,0.3
47189,"Wilson County, Tennessee",153587,NA,94048,2738,126077,1058,11048,489,9258,NA,39.9,0.3
48005,"Angelina County, Texas",86791,NA,58847,2883,58239,1201,10603,702,20104,NA,37.8,0.5
48021,"Bastrop County, Texas",102370,NA,82730,6323,57919,1996,5881,335,45026,NA,37.5,0.4
48027,"Bell County, Texas",379811,NA,66051,1732,197699,2347,88579,2401,98037,NA,32.1,0.2
48029,"Bexar County, Texas",2037344,NA,70571,776,1006462,11318,161052,2723,1212855,NA,34.6,0.1
48037,"Bowie County, Texas",92321,NA,59295,2241,60611,596,22965,568,7726,NA,38.4,0.3
48039,"Brazoria County, Texas",381650,NA,95155,2480,204171,2733,60242,851,119727,NA,36.5,0.2
48041,"Brazos County, Texas",237980,NA,58388,1835,157983,2015,25666,588,64536,NA,26.8,0.3
48061,"Cameron County, Texas",423192,NA,51334,1640,211525,4872,2574,527,378059,NA,32.4,0.2
48085,"Collin County, Texas",1116601,NA,117588,1528,636304,4177,119522,2069,178350,NA,37.3,0.2
48091,"Comal County, Texas",174552,NA,99015,3709,130460,1941,4415,437,48664,NA,42,0.4
48099,"Coryell County, Texas",83772,NA,68904,2081,51794,694,11608,690,16992,NA,32.4,0.3
48113,"Dallas County, Texas",2603816,NA,74149,771,1062078,9140,586837,3115,1061995,NA,34,0.1
48121,"Denton County, Texas",945644,NA,108185,1464,573342,3730,101626,1813,191815,NA,36.8,0.1
48135,"Ector County, Texas",163206,NA,71031,3603,87032,2843,8298,544,101602,NA,31.3,0.2
48139,"Ellis County, Texas",203927,NA,95898,3543,131379,2564,27009,805,56354,NA,36.3,0.2
48141,"El Paso County, Texas",866275,NA,58859,1208,339519,6757,28593,1297,716543,NA,33.3,0.1
48157,"Fort Bend County, Texas",859721,NA,113409,2627,318338,4588,176568,3141,210272,NA,37.1,0.2
48167,"Galveston County, Texas",354721,NA,85348,3053,228663,2562,43820,1012,91727,NA,38.5,0.3
48181,"Grayson County, Texas",139988,NA,70455,2166,110428,1205,7550,494,22190,NA,39.4,0.4
48183,"Gregg County, Texas",124860,NA,64809,2733,76025,1182,24429,788,24748,NA,35.9,0.3
48187,"Guadalupe County, Texas",178368,NA,93776,3543,108064,2414,14206,824,68626,NA,37.5,0.3
48201,"Harris County, Texas",4758579,NA,73104,650,1910341,11727,909089,4950,2065668,NA,34.4,0.1
48203,"Harrison County, Texas",69584,NA,66040,2877,45279,953,14214,395,10129,NA,38.9,0.4
48209,"Hays County, Texas",256429,NA,85827,2598,170650,3469,10507,643,100152,NA,33.9,0.2
48213,"Henderson County, Texas",83658,NA,63955,2911,67374,902,4430,355,11964,NA,43.8,0.4
48215,"Hidalgo County, Texas",880921,NA,52281,1265,348336,9084,6070,655,809705,NA,30.3,0.1
48221,"Hood County, Texas",64198,NA,86802,5044,55175,808,694,200,8569,NA,46.3,0.3
48231,"Hunt County, Texas",104917,NA,70112,2545,76798,1089,8392,515,21575,NA,37.2,0.3
48245,"Jefferson County, Texas",253939,NA,59934,2138,111975,1413,84147,939,59759,NA,37.1,0.3
48251,"Johnson County, Texas",188820,NA,81826,2903,143407,2027,9216,431,46403,NA,37.2,0.2
48257,"Kaufman County, Texas",160718,NA,88606,4191,96408,1735,27068,793,42372,NA,34.2,0.2
48291,"Liberty County, Texas",97993,NA,64773,5005,61723,1593,7907,493,36192,NA,33.3,0.4
48303,"Lubbock County, Texas",314633,NA,63367,1835,210030,2437,23187,955,112607,NA,31.7,0.2
48309,"McLennan County, Texas",263608,NA,63888,1776,167794,2080,37077,835,70219,NA,34,0.2
48329,"Midland County, Texas",171496,NA,93984,4906,102681,3059,12427,955,76792,NA,32.6,0.3
48339,"Montgomery County, Texas",654722,NA,97266,2149,467109,4600,39061,1466,177581,NA,37.2,0.2
48355,"Nueces County, Texas",352829,NA,66021,1570,193284,3630,14126,549,219138,NA,36.8,0.2
48361,"Orange County, Texas",84993,NA,73372,4779,68653,592,7347,381,7763,NA,37.9,0.4
48367,"Parker County, Texas",158079,NA,102099,3457,134222,1219,2251,330,22268,NA,39.3,0.4
48375,"Potter County, Texas",116634,NA,50448,1634,72161,1827,12309,434,45218,NA,35.1,0.2
48381,"Randall County, Texas",143791,NA,80905,2803,111928,1666,5230,558,34127,NA,36.8,0.3
48397,"Rockwall County, Texas",116931,NA,124917,5539,83206,1275,9947,462,23581,NA,37.6,0.3
48409,"San Patricio County, Texas",69519,NA,67512,4648,44690,1568,1122,257,39012,NA,37.1,0.5
48423,"Smith County, Texas",238014,NA,71923,1916,164335,2343,39645,917,49012,NA,37.4,0.3
48427,"Starr County, Texas",65809,NA,38182,3996,29115,2715,217,200,64036,NA,29.1,0.3
48439,"Tarrant County, Texas",2135743,NA,81905,930,1112743,7016,374520,3498,637594,NA,35.1,0.1
48441,"Taylor County, Texas",144259,NA,66406,2610,101650,1423,11567,586,35709,NA,33,0.2
48451,"Tom Green County, Texas",119398,NA,66254,3722,82355,1652,4487,459,47877,NA,35.8,0.3
48453,"Travis County, Texas",1307625,NA,97169,1289,781848,6259,106691,2381,425105,NA,35.5,0.1
48469,"Victoria County, Texas",91281,NA,70101,3765,56218,1898,5244,424,43432,NA,36.6,0.4
48471,"Walker County, Texas",78292,NA,49862,5103,48459,888,15921,774,16931,NA,37.1,0.5
48479,"Webb County, Texas",267731,NA,62506,2316,100976,4540,1207,254,254619,NA,29.8,0.2
48485,"Wichita County, Texas",129842,NA,62168,2255,95929,1132,13432,541,26409,NA,35,0.1
48491,"Williamson County, Texas",643889,NA,108309,2023,410837,3376,44429,1343,157980,NA,37.2,0.1
48497,"Wise County, Texas",72359,NA,89897,6108,61099,1043,1094,181,14878,NA,40,0.5
49005,"Cache County, Utah",137031,NA,78292,2156,116959,1025,1117,360,15806,NA,25.9,0.2
49011,"Davis County, Utah",366742,NA,108058,2051,313559,1770,4433,415,41283,NA,32.3,0.1
49035,"Salt Lake County, Utah",1184689,NA,94658,1220,862251,3923,21338,1266,236654,NA,33.8,0.1
49045,"Tooele County, Utah",76648,NA,101846,4513,66041,790,646,190,10922,NA,32,0.3
49049,"Utah County, Utah",683622,NA,96877,1030,572479,2559,4597,529,94727,NA,25.5,0.1
49053,"Washington County, Utah",189827,NA,76411,3253,163050,1303,973,290,22296,NA,39,0.4
49057,"Weber County, Utah",266183,NA,87083,1853,223245,1946,2988,282,50354,NA,33.5,0.2
50007,"Chittenden County, Vermont",168831,NA,94310,2768,147173,508,4346,358,4773,NA,37,0.3
51003,"Albemarle County, Virginia",113683,NA,102617,3655,87040,674,10044,402,8348,NA,39.8,0.4
51013,"Arlington County, Virginia",235463,NA,140160,3591,147496,1536,22214,575,37054,NA,35.5,0.1
51015,"Augusta County, Virginia",77713,NA,79972,4036,69972,617,3320,288,2931,NA,44.9,0.3
51019,"Bedford County, Virginia",80254,NA,77644,2965,69464,537,4809,316,2174,NA,47.1,0.3
51041,"Chesterfield County, Virginia",371610,NA,98910,1898,220926,1417,87245,1280,42400,NA,38.9,0.2
51059,"Fairfax County, Virginia",1144474,NA,150113,1612,587697,3828,112326,1617,199153,NA,38.9,0.1
51061,"Fauquier County, Virginia",73935,NA,129495,5639,59895,590,4641,356,8624,NA,40.8,0.5
51069,"Frederick County, Virginia",93355,NA,95603,3560,76923,942,3896,331,10952,NA,40.6,0.4
51085,"Hanover County, Virginia",111652,NA,109504,3618,91848,537,9599,473,4203,NA,42.3,0.4
51087,"Henrico County, Virginia",334434,NA,86397,1572,171583,1172,99183,1041,22374,NA,39.4,0.2
51095,"James City County, Virginia",80046,NA,107046,4875,59921,572,10254,421,5531,NA,47.2,0.3
51107,"Loudoun County, Virginia",427082,NA,178707,3411,236450,1726,32889,815,60466,NA,37.8,0.2
51121,"Montgomery County, Virginia",99159,NA,70769,2976,81977,392,3907,266,4512,NA,30.2,0.1
51153,"Prince William County, Virginia",484625,NA,128873,2929,225950,3160,99527,1452,124358,NA,36,0.2
51161,"Roanoke County, Virginia",96793,NA,82931,2493,81848,569,6161,338,3691,NA,43.7,0.5
51165,"Rockingham County, Virginia",84739,NA,78468,3809,74665,637,2143,297,7501,NA,40.3,0.4
51177,"Spotsylvania County, Virginia",143876,NA,109576,3565,93765,812,23925,717,18251,NA,38.3,0.3
51179,"Stafford County, Virginia",160520,NA,133792,4286,91790,1282,30991,1032,25516,NA,36.3,0.2
51199,"York County, Virginia",70590,NA,108326,2490,48789,614,9245,455,5340,NA,39.8,0.6
51510,"Alexandria city, Virginia",156788,NA,113638,3178,84009,978,33033,828,28540,NA,37.5,0.2
51550,"Chesapeake city, Virginia",251153,NA,94189,3124,141037,1439,72892,1269,18598,NA,37.7,0.2
51650,"Hampton city, Virginia",137334,NA,67758,2270,51495,525,67335,1246,9084,NA,36.5,0.3
51680,"Lynchburg city, Virginia",79255,NA,59808,3594,49316,572,21951,459,3920,NA,28.4,0.3
51700,"Newport News city, Virginia",184774,NA,66718,1731,78221,914,75773,1025,19474,NA,34.2,0.2
51710,"Norfolk city, Virginia",235037,NA,64017,1777,103421,873,93540,1155,23196,NA,32.4,0.2
51740,"Portsmouth city, Virginia",97299,NA,58972,1991,35888,322,50303,854,4942,NA,35.8,0.2
51760,"Richmond city, Virginia",227595,NA,62671,1684,98401,1163,95612,983,23439,NA,34.5,0.1
51770,"Roanoke city, Virginia",98677,NA,52671,2367,56758,665,28603,601,8459,NA,38,0.4
51800,"Suffolk city, Virginia",96638,NA,90089,3715,45942,477,40596,718,4780,NA,38.7,0.3
51810,"Virginia Beach city, Virginia",457066,NA,90685,1693,281645,1281,86396,1634,40854,NA,37.4,0.2
53005,"Benton County, Washington",210224,NA,87316,2359,151940,1908,3563,480,52111,NA,36.2,0.2
53007,"Chelan County, Washington",79518,NA,78306,5707,54714,707,470,145,22604,NA,40.4,0.4
53009,"Clallam County, Washington",77593,NA,67999,2005,64256,506,670,158,5095,NA,51.8,0.3
53011,"Clark County, Washington",510516,NA,94948,1484,394562,2218,10778,781,61186,NA,38.9,0.2
53015,"Cowlitz County, Washington",111539,NA,72932,2981,94551,914,779,270,11367,NA,41.1,0.4
53021,"Franklin County, Washington",97676,NA,82755,3895,50552,1736,1888,342,53485,NA,30.8,0.3
53025,"Grant County, Washington",100428,NA,71115,3731,59225,1562,1221,205,43512,NA,33.5,0.3
53027,"Grays Harbor County, Washington",76397,NA,63539,2689,61800,732,1241,108,8262,NA,44.7,0.2
53029,"Island County, Washington",86747,NA,88358,2918,68853,582,2367,322,7384,NA,44.5,0.3
53033,"King County, Washington",2262713,NA,122148,931,1283809,4373,147642,2478,245320,NA,37.3,0.1
53035,"Kitsap County, Washington",276581,NA,98546,2118,211514,1117,7310,699,25018,NA,39.9,0.2
53041,"Lewis County, Washington",83925,NA,69690,3237,70150,686,648,177,9408,NA,42.4,0.4
53045,"Mason County, Washington",66968,NA,78359,4033,52450,665,689,152,8128,NA,44.8,0.3
53053,"Pierce County, Washington",924106,NA,96632,1316,608874,2348,66212,2204,115594,NA,36.8,0.2
53057,"Skagit County, Washington",130407,NA,85474,2182,100207,1031,1132,189,24646,NA,41.9,0.4
53061,"Snohomish County, Washington",834648,NA,107982,1708,554564,2845,30319,1148,98816,NA,38.4,0.2
53063,"Spokane County, Washington",544323,NA,73513,1384,456164,1549,10866,767,37356,NA,38.2,0.2
53067,"Thurston County, Washington",296640,NA,93985,1815,219738,1533,9863,754,30528,NA,39.8,0.3
53073,"Whatcom County, Washington",228432,NA,80989,2462,179842,1332,2011,328,23662,NA,38.2,0.3
53077,"Yakima County, Washington",256605,NA,68015,2240,135600,2925,2094,302,132408,NA,33.2,0.2
54003,"Berkeley County, West Virginia",126165,NA,77329,3502,103874,731,9046,775,7619,NA,38.7,0.4
54011,"Cabell County, West Virginia",93300,NA,52828,3340,83677,254,3963,395,1582,NA,39.3,0.3
54033,"Harrison County, West Virginia",65407,NA,58326,1602,60809,273,853,213,1413,NA,42.3,0.4
54039,"Kanawha County, West Virginia",178198,NA,58887,1679,154794,738,11085,665,2668,NA,43.7,0.3
54061,"Monongalia County, West Virginia",106520,NA,62704,2119,93097,567,3834,297,3298,NA,32.5,0.3
54081,"Raleigh County, West Virginia",73666,NA,52055,4609,64647,313,5118,472,1252,NA,42.8,0.4
54107,"Wood County, West Virginia",83829,NA,56193,2976,79490,240,975,149,1188,NA,43.9,0.3
55009,"Brown County, Wisconsin",269425,NA,77490,1375,216766,1212,7160,505,26989,NA,37.9,0.2
55017,"Chippewa County, Wisconsin",66558,NA,74009,2884,61956,179,1040,109,1286,NA,41.7,0.3
55025,"Dane County, Wisconsin",564777,NA,88108,1559,445942,1306,28986,1252,42861,NA,35.6,0.2
55027,"Dodge County, Wisconsin",88818,NA,73992,1815,79899,450,2374,234,5696,NA,42.9,0.3
55035,"Eau Claire County, Wisconsin",106328,NA,71834,2447,94438,545,1327,231,3210,NA,35.8,0.3
55039,"Fond du Lac County, Wisconsin",104053,NA,73154,2698,92398,639,1762,322,6892,NA,41.9,0.3
55055,"Jefferson County, Wisconsin",85867,NA,80604,3319,77066,445,970,229,7181,NA,41.3,0.3
55059,"Kenosha County, Wisconsin",168413,NA,79412,2215,129282,1390,10516,579,24975,NA,39.2,0.3
55063,"La Crosse County, Wisconsin",120262,NA,70704,2221,106837,303,1817,313,3146,NA,37.1,0.3
55071,"Manitowoc County, Wisconsin",81314,NA,68611,2393,72995,393,638,202,4228,NA,45,0.2
55073,"Marathon County, Wisconsin",138067,NA,76185,2620,121370,379,656,238,4641,NA,41.2,0.3
55079,"Milwaukee County, Wisconsin",927656,NA,62118,904,485935,2308,241678,1954,154350,NA,35.4,0.1
55087,"Outagamie County, Wisconsin",191537,NA,82857,1727,165850,512,3040,309,9773,NA,38.7,0.3
55089,"Ozaukee County, Wisconsin",92345,NA,96734,3801,83840,291,1400,234,3299,NA,44,0.3
55097,"Portage County, Wisconsin",70375,NA,73284,2229,63719,290,579,131,2764,NA,38.1,0.4
55101,"Racine County, Wisconsin",196888,NA,75331,1810,146063,1350,20857,799,28784,NA,40.5,0.3
55105,"Rock County, Wisconsin",163944,NA,74390,2111,135003,1005,7630,502,16163,NA,40.1,0.3
55109,"St. Croix County, Wisconsin",94819,NA,102482,3390,88169,523,665,156,2789,NA,39.8,0.6
55111,"Sauk County, Wisconsin",65759,NA,77648,1981,58535,563,612,126,4198,NA,41.3,0.5
55117,"Sheboygan County, Wisconsin",117783,NA,71898,2647,99262,571,2443,345,8850,NA,41.8,0.4
55127,"Walworth County, Wisconsin",105447,NA,77359,2434,91872,626,877,129,12545,NA,41.1,0.4
55131,"Washington County, Wisconsin",137320,NA,95851,2049,126532,526,2137,356,5027,NA,43.5,0.3
55133,"Waukesha County, Wisconsin",409040,NA,104100,1579,359428,1202,6307,556,22725,NA,43.3,0.2
55139,"Winnebago County, Wisconsin",171357,NA,72873,1743,150532,755,4444,379,8464,NA,38.4,0.2
55141,"Wood County, Wisconsin",74039,NA,66417,2136,68081,348,572,120,2592,NA,43.9,0.4
56021,"Laramie County, Wyoming",100661,NA,77884,2917,82733,846,2261,394,15755,NA,38.2,0.4
56025,"Natrona County, Wyoming",79735,NA,71247,1848,71297,531,480,182,7381,NA,38.2,0.5
72013,"Arecibo Municipio, Puerto Rico",86875,NA,23175,1035,20816,1628,1923,525,86251,233,45.1,0.1
72021,"Bayam√≥n Municipio, Puerto Rico",183456,NA,30729,949,45010,1960,10021,1176,181360,496,44.1,0.2
72025,"Caguas Municipio, Puerto Rico",126239,NA,30113,1179,56949,2357,10898,1230,123842,628,44.2,0.2
72031,"Carolina Municipio, Puerto Rico",153226,NA,35126,1376,43434,2716,20711,1719,151217,697,44.8,0.1
72061,"Guaynabo Municipio, Puerto Rico",89503,NA,46048,3042,27045,1713,4237,733,87829,536,46.6,0.3
72097,"Mayag√ºez Municipio, Puerto Rico",71824,NA,17963,892,10930,1226,1651,416,71154,341,43.2,0.4
72113,"Ponce Municipio, Puerto Rico",134676,NA,18827,870,55582,2249,6546,918,133695,285,43.9,0.2
72127,"San Juan Municipio, Puerto Rico",338661,NA,26981,877,109176,4097,36212,2412,331642,1027,45.4,0.2
72135,"Toa Alta Municipio, Puerto Rico",66536,NA,33349,2264,24157,1941,3059,601,66029,231,41.7,0.6
72137,"Toa Baja Municipio, Puerto Rico",73987,NA,29648,1562,18960,1499,5100,724,73438,234,43,0.4
72139,"Trujillo Alto Municipio, Puerto Rico",67329,NA,38773,2589,25785,1972,7773,1252,66810,214,43.4,0.4
